order_id,order_time,order_total_price,order_verify
1,1394-2-11 14:36:18,900000,منقضی شد
2,1394-3-16 14:22:34,200000,در انتظار پرداخت
3,1394-4-11 15:18:18,800000,پرداخت ناموفق
4,1394-5-20 14:52:53,900000,پرداخت ناموفق
5,1394-6-14 13:59:44,900000,منقضی شد
6,1394-7-15 21:53:29,300000,پرداخت موفق
7,1394-8-10 22:26:28,400000,پرداخت ناموفق
8,1394-9-17 16:36:39,400000,در انتظار پرداخت
9,1394-10-15 22:45:17,200000,در انتظار پرداخت
10,1394-11-15 10:20:41,200000,پرداخت موفق
11,1394-12-15 12:35:47,100000,پرداخت ناموفق
12,1395-1-13 16:22:58,300000,پرداخت موفق
13,1395-2-14 21:18:47,300000,پرداخت موفق
14,1395-3-10 17:50:30,100000,پرداخت موفق
15,1395-4-14 20:31:36,300000,منقضی شد
16,1395-5-15 14:23:41,400000,پرداخت موفق
17,1395-6-17 17:16:25,300000,پرداخت ناموفق
18,1395-7-19 12:59:25,900000,پرداخت ناموفق
19,1395-8-20 18:23:23,300000,پرداخت ناموفق
20,1395-9-20 19:23:18,300000,در انتظار پرداخت
21,1395-10-16 20:33:45,400000,پرداخت ناموفق
22,1395-11-16 10:14:21,500000,پرداخت ناموفق
23,1395-12-17 12:32:34,900000,در انتظار پرداخت
24,1396-1-16 12:28:54,500000,پرداخت ناموفق
25,1396-2-16 14:33:56,400000,پرداخت موفق
26,1396-3-18 12:21:22,300000,منقضی شد
27,1396-4-10 11:38:48,800000,پرداخت ناموفق
28,1396-5-11 20:10:49,300000,پرداخت ناموفق
29,1396-6-12 13:29:57,500000,منقضی شد
30,1396-7-11 13:56:53,600000,در انتظار پرداخت
31,1396-8-19 22:28:30,900000,در انتظار پرداخت
32,1396-9-20 21:11:17,200000,منقضی شد
33,1396-10-18 10:48:21,600000,پرداخت ناموفق
34,1396-11-19 20:46:10,400000,در انتظار پرداخت
35,1396-12-12 13:20:28,900000,پرداخت ناموفق
36,1397-1-16 12:53:56,300000,منقضی شد
37,1397-2-10 10:54:25,300000,منقضی شد
38,1397-3-17 10:44:54,400000,در انتظار پرداخت
39,1397-4-11 17:15:59,200000,در انتظار پرداخت
40,1397-5-16 16:52:33,400000,پرداخت ناموفق
41,1397-6-20 15:25:35,400000,منقضی شد
42,1397-7-19 10:10:26,800000,پرداخت ناموفق
43,1397-8-17 20:52:19,300000,پرداخت موفق
44,1397-9-15 15:57:45,800000,منقضی شد
45,1397-10-15 20:39:33,500000,منقضی شد
46,1397-11-15 10:59:53,300000,منقضی شد
47,1397-12-10 19:55:55,100000,در انتظار پرداخت
48,1398-1-16 22:35:36,300000,پرداخت موفق
49,1398-2-15 12:59:27,400000,پرداخت موفق
50,1398-3-10 19:49:55,700000,در انتظار پرداخت
51,1398-4-14 22:47:30,100000,پرداخت موفق
52,1398-5-12 22:18:49,800000,در انتظار پرداخت
53,1398-6-20 22:41:16,400000,در انتظار پرداخت
54,1398-7-15 20:44:16,200000,در انتظار پرداخت
55,1398-8-18 18:51:34,200000,پرداخت موفق
56,1398-9-13 16:46:20,800000,در انتظار پرداخت
57,1398-10-13 11:17:31,100000,پرداخت ناموفق
58,1398-11-12 21:27:29,900000,پرداخت ناموفق
59,1398-12-12 23:58:26,100000,پرداخت ناموفق
60,1399-1-18 13:21:21,300000,پرداخت موفق
61,1399-2-15 18:55:52,600000,پرداخت ناموفق
62,1399-3-12 21:54:55,500000,در انتظار پرداخت
63,1399-4-20 18:28:13,300000,در انتظار پرداخت
64,1399-5-15 14:21:41,600000,پرداخت ناموفق
65,1399-6-10 21:43:35,300000,منقضی شد
66,1399-7-17 18:56:31,400000,پرداخت ناموفق
67,1399-8-13 11:31:12,900000,پرداخت موفق
68,1399-9-13 11:50:56,300000,منقضی شد
69,1399-10-12 11:33:31,300000,منقضی شد
70,1399-11-17 21:17:33,100000,پرداخت ناموفق
71,1399-12-17 22:39:18,500000,منقضی شد
72,1400-1-10 22:55:11,400000,پرداخت ناموفق
73,1400-2-13 18:10:49,200000,در انتظار پرداخت
74,1400-3-16 23:12:10,600000,پرداخت ناموفق
75,1400-4-16 19:28:16,700000,در انتظار پرداخت
76,1400-5-11 11:48:13,900000,پرداخت ناموفق
77,1400-6-14 22:44:33,900000,پرداخت ناموفق
78,1400-7-18 13:21:50,500000,پرداخت موفق
79,1400-8-14 17:44:29,300000,پرداخت ناموفق
80,1400-9-16 22:16:23,300000,پرداخت ناموفق
81,1400-10-14 21:30:42,300000,منقضی شد
82,1400-11-11 12:53:21,900000,منقضی شد
83,1400-12-18 17:28:23,600000,در انتظار پرداخت
84,1401-1-20 17:13:30,100000,در انتظار پرداخت
85,1394-12-12 16:38:17,100000,در انتظار پرداخت
86,1395-1-13 15:36:19,500000,پرداخت ناموفق
87,1395-2-10 12:44:51,300000,منقضی شد
88,1395-3-16 19:19:40,400000,در انتظار پرداخت
89,1395-4-15 18:43:34,500000,منقضی شد
90,1395-5-11 14:26:29,400000,پرداخت موفق
91,1395-6-17 16:30:22,900000,منقضی شد
92,1395-7-13 19:36:47,900000,منقضی شد
93,1395-8-19 18:33:31,500000,پرداخت ناموفق
94,1395-9-20 15:19:50,200000,پرداخت ناموفق
95,1395-10-12 23:41:28,700000,پرداخت موفق
96,1395-11-10 17:36:40,100000,در انتظار پرداخت
97,1395-12-10 23:46:45,400000,در انتظار پرداخت
98,1396-1-18 22:47:37,400000,پرداخت موفق
99,1396-2-19 12:28:28,600000,منقضی شد
100,1396-3-15 11:17:19,700000,در انتظار پرداخت
101,1396-4-20 20:37:43,700000,پرداخت موفق
102,1396-5-14 23:42:34,700000,منقضی شد
103,1396-6-11 17:33:45,900000,در انتظار پرداخت
104,1396-7-13 11:23:12,400000,منقضی شد
105,1396-8-18 11:49:17,400000,پرداخت ناموفق
106,1396-9-10 16:46:25,700000,منقضی شد
107,1396-10-10 22:54:47,500000,پرداخت موفق
108,1396-11-12 11:56:37,700000,پرداخت ناموفق
109,1396-12-13 18:38:33,700000,منقضی شد
110,1397-1-15 23:28:31,400000,منقضی شد
111,1397-2-15 19:51:22,300000,پرداخت ناموفق
112,1397-3-15 19:35:41,100000,پرداخت ناموفق
113,1397-4-10 13:10:51,400000,در انتظار پرداخت
114,1397-5-19 11:24:28,700000,پرداخت موفق
115,1397-6-13 21:29:43,300000,منقضی شد
116,1397-7-13 17:32:54,700000,پرداخت ناموفق
117,1397-8-17 10:53:56,700000,پرداخت موفق
118,1397-9-19 22:11:24,500000,در انتظار پرداخت
119,1397-10-17 14:54:45,500000,پرداخت ناموفق
120,1397-11-17 19:24:28,100000,پرداخت ناموفق
121,1397-12-16 10:40:22,100000,در انتظار پرداخت
122,1398-1-18 20:36:18,900000,پرداخت موفق
123,1398-2-11 11:34:25,200000,در انتظار پرداخت
124,1398-3-17 20:36:13,400000,در انتظار پرداخت
125,1398-4-14 21:46:47,200000,منقضی شد
126,1398-5-19 21:14:53,700000,پرداخت ناموفق
127,1398-6-17 21:13:19,900000,در انتظار پرداخت
128,1398-7-13 16:52:59,200000,منقضی شد
129,1398-8-16 12:52:54,800000,منقضی شد
130,1398-9-11 10:34:13,200000,پرداخت موفق
131,1398-10-13 10:39:18,600000,پرداخت ناموفق
132,1398-11-12 23:39:31,100000,پرداخت موفق
133,1398-12-15 15:15:56,600000,در انتظار پرداخت
134,1399-1-15 12:47:58,800000,در انتظار پرداخت
135,1399-2-10 22:55:43,600000,پرداخت موفق
136,1399-3-10 21:30:23,700000,منقضی شد
137,1399-4-17 11:33:27,300000,پرداخت موفق
138,1399-5-10 22:34:36,400000,پرداخت ناموفق
139,1399-6-19 23:14:32,100000,در انتظار پرداخت
140,1399-7-20 19:50:32,400000,پرداخت موفق
141,1399-8-19 14:38:58,300000,در انتظار پرداخت
142,1399-9-12 17:35:13,200000,پرداخت موفق
143,1399-10-12 12:43:11,600000,در انتظار پرداخت
144,1399-11-17 21:37:38,400000,پرداخت ناموفق
145,1399-12-12 11:20:47,400000,پرداخت ناموفق
146,1400-1-12 14:58:46,700000,پرداخت موفق
147,1400-2-20 20:47:29,600000,منقضی شد
148,1400-3-20 14:53:41,900000,در انتظار پرداخت
149,1400-4-20 23:42:22,300000,پرداخت موفق
150,1400-5-12 19:15:13,200000,پرداخت ناموفق
151,1400-6-19 12:10:21,100000,در انتظار پرداخت
152,1400-7-13 23:35:50,200000,منقضی شد
153,1400-8-17 15:52:37,300000,پرداخت موفق
154,1400-9-14 14:19:57,300000,پرداخت ناموفق
155,1400-10-15 17:34:58,400000,پرداخت ناموفق
156,1400-11-15 22:33:46,700000,منقضی شد
157,1400-12-15 15:23:35,300000,در انتظار پرداخت
158,1401-1-17 14:57:23,100000,منقضی شد
159,1389-4-17 23:53:23,300000,پرداخت موفق
160,1389-5-16 14:40:48,500000,پرداخت ناموفق
161,1389-6-15 20:20:53,700000,پرداخت موفق
162,1389-7-14 16:16:57,400000,پرداخت موفق
163,1389-8-20 22:32:27,600000,پرداخت ناموفق
164,1389-9-16 21:49:34,300000,پرداخت موفق
165,1389-10-12 19:13:35,300000,پرداخت موفق
166,1389-11-13 14:41:23,900000,منقضی شد
167,1389-12-12 23:32:36,300000,منقضی شد
168,1390-1-11 22:23:49,800000,پرداخت موفق
169,1390-2-14 16:42:13,700000,پرداخت ناموفق
170,1390-3-16 20:29:46,500000,منقضی شد
171,1390-4-13 13:36:23,200000,در انتظار پرداخت
172,1390-5-10 19:34:26,500000,منقضی شد
173,1390-6-20 19:11:58,800000,منقضی شد
174,1390-7-17 19:26:47,400000,پرداخت ناموفق
175,1390-8-19 11:27:20,100000,منقضی شد
176,1390-9-18 15:20:51,100000,در انتظار پرداخت
177,1390-10-12 13:37:31,800000,منقضی شد
178,1390-11-20 18:56:38,100000,پرداخت ناموفق
179,1390-12-17 14:14:50,300000,پرداخت موفق
180,1391-1-14 18:17:42,500000,در انتظار پرداخت
181,1391-2-18 20:32:59,400000,در انتظار پرداخت
182,1391-3-18 14:21:31,500000,در انتظار پرداخت
183,1391-4-10 11:53:56,300000,پرداخت ناموفق
184,1391-5-16 18:35:57,400000,در انتظار پرداخت
185,1391-6-11 14:38:20,400000,منقضی شد
186,1391-7-10 20:53:37,500000,در انتظار پرداخت
187,1391-8-17 17:19:59,300000,منقضی شد
188,1391-9-17 18:40:56,900000,در انتظار پرداخت
189,1391-10-10 13:56:27,800000,در انتظار پرداخت
190,1391-11-19 23:10:11,200000,پرداخت موفق
191,1391-12-19 20:37:48,800000,منقضی شد
192,1392-1-10 19:56:29,300000,پرداخت ناموفق
193,1392-2-13 14:20:16,100000,در انتظار پرداخت
194,1392-3-19 22:28:55,300000,پرداخت ناموفق
195,1392-4-14 10:16:12,200000,پرداخت ناموفق
196,1392-5-10 12:35:38,400000,منقضی شد
197,1392-6-18 23:19:10,800000,در انتظار پرداخت
198,1392-7-15 22:45:23,900000,در انتظار پرداخت
199,1392-8-20 10:49:30,800000,منقضی شد
200,1392-9-18 13:36:22,800000,در انتظار پرداخت
201,1392-10-11 18:17:32,400000,منقضی شد
202,1392-11-10 16:35:37,600000,در انتظار پرداخت
203,1392-12-11 17:15:55,500000,پرداخت ناموفق
204,1393-1-15 14:23:11,700000,منقضی شد
205,1393-2-19 21:56:53,700000,در انتظار پرداخت
206,1393-3-17 19:14:20,400000,منقضی شد
207,1393-4-15 15:51:30,900000,در انتظار پرداخت
208,1393-5-11 21:31:53,400000,در انتظار پرداخت
209,1393-6-17 15:12:13,200000,منقضی شد
210,1393-7-16 22:41:39,900000,پرداخت ناموفق
211,1393-8-19 23:10:17,300000,پرداخت موفق
212,1393-9-16 12:25:58,700000,در انتظار پرداخت
213,1393-10-17 22:32:17,700000,پرداخت ناموفق
214,1393-11-12 16:48:28,400000,پرداخت ناموفق
215,1393-12-14 20:37:55,600000,پرداخت موفق
216,1394-1-10 18:22:43,900000,پرداخت موفق
217,1394-2-10 10:36:42,300000,پرداخت موفق
218,1394-3-10 17:47:42,300000,پرداخت موفق
219,1394-4-16 16:48:12,200000,پرداخت موفق
220,1394-5-19 19:11:49,200000,در انتظار پرداخت
221,1394-6-10 12:14:13,500000,پرداخت ناموفق
222,1394-7-14 23:35:18,200000,در انتظار پرداخت
223,1394-8-11 10:49:42,600000,منقضی شد
224,1394-9-14 12:45:32,400000,پرداخت موفق
225,1394-10-17 13:56:16,800000,پرداخت موفق
226,1394-11-10 10:24:37,700000,در انتظار پرداخت
227,1394-12-10 10:26:53,400000,پرداخت موفق
228,1395-1-10 11:55:53,500000,پرداخت موفق
229,1395-2-11 16:58:37,800000,در انتظار پرداخت
230,1395-3-15 12:58:31,400000,در انتظار پرداخت
231,1395-4-16 22:25:33,300000,منقضی شد
232,1395-5-10 19:44:47,100000,در انتظار پرداخت
233,1395-6-18 16:14:13,900000,منقضی شد
234,1395-7-20 13:17:43,700000,پرداخت ناموفق
235,1395-8-19 21:29:14,400000,پرداخت ناموفق
236,1395-9-10 14:54:50,600000,پرداخت ناموفق
237,1395-10-16 16:37:15,200000,پرداخت ناموفق
238,1395-11-10 11:38:43,400000,پرداخت ناموفق
239,1395-12-20 19:33:57,400000,منقضی شد
240,1396-1-18 15:37:34,200000,منقضی شد
241,1396-2-18 19:29:58,200000,پرداخت ناموفق
242,1396-3-12 10:41:33,500000,پرداخت ناموفق
243,1396-4-12 19:20:22,500000,پرداخت ناموفق
244,1396-5-13 19:39:15,400000,منقضی شد
245,1396-6-16 20:40:23,100000,پرداخت موفق
246,1396-7-15 22:50:57,400000,در انتظار پرداخت
247,1396-8-19 14:59:10,800000,در انتظار پرداخت
248,1396-9-12 22:13:47,700000,پرداخت ناموفق
249,1396-10-16 21:59:13,600000,در انتظار پرداخت
250,1396-11-12 17:29:53,700000,پرداخت موفق
251,1396-12-20 21:19:56,200000,در انتظار پرداخت
252,1397-1-14 19:20:57,100000,در انتظار پرداخت
253,1397-2-17 17:26:52,900000,در انتظار پرداخت
254,1397-3-20 16:19:56,300000,پرداخت موفق
255,1397-4-12 17:27:15,200000,منقضی شد
256,1397-5-16 10:46:38,100000,منقضی شد
257,1397-6-14 21:36:39,300000,پرداخت ناموفق
258,1397-7-17 22:31:10,700000,پرداخت موفق
259,1397-8-19 19:44:44,200000,پرداخت ناموفق
260,1397-9-13 20:35:17,400000,پرداخت ناموفق
261,1397-10-18 10:38:56,800000,پرداخت ناموفق
262,1397-11-10 15:17:49,600000,پرداخت ناموفق
263,1397-12-19 23:38:43,400000,پرداخت ناموفق
264,1398-1-15 10:54:23,700000,منقضی شد
265,1398-2-14 21:50:44,600000,در انتظار پرداخت
266,1398-3-18 15:42:33,500000,منقضی شد
267,1398-4-14 11:47:15,100000,پرداخت موفق
268,1398-5-19 23:16:14,200000,در انتظار پرداخت
269,1398-6-14 12:42:17,700000,پرداخت ناموفق
270,1398-7-18 11:19:40,400000,پرداخت موفق
271,1398-8-18 15:22:39,500000,منقضی شد
272,1398-9-18 23:53:39,900000,پرداخت ناموفق
273,1398-10-12 22:52:53,300000,منقضی شد
274,1398-11-11 19:39:14,300000,پرداخت موفق
275,1398-12-11 12:45:12,700000,در انتظار پرداخت
276,1399-1-12 15:50:15,100000,پرداخت ناموفق
277,1399-2-16 21:36:35,200000,در انتظار پرداخت
278,1399-3-16 12:39:22,400000,منقضی شد
279,1399-4-19 20:51:56,400000,پرداخت ناموفق
280,1399-5-13 12:55:22,400000,پرداخت موفق
281,1399-6-10 12:30:42,300000,منقضی شد
282,1399-7-11 13:11:33,800000,پرداخت موفق
283,1399-8-17 20:36:40,800000,منقضی شد
284,1399-9-20 15:55:49,700000,در انتظار پرداخت
285,1399-10-20 12:15:24,600000,منقضی شد
286,1399-11-10 18:56:25,300000,در انتظار پرداخت
287,1399-12-18 20:52:59,200000,پرداخت موفق
288,1400-1-13 12:31:25,900000,پرداخت ناموفق
289,1400-2-20 17:22:20,100000,در انتظار پرداخت
290,1400-3-20 21:22:33,900000,در انتظار پرداخت
291,1400-4-13 11:31:51,500000,منقضی شد
292,1400-5-20 16:48:41,700000,پرداخت ناموفق
293,1400-6-19 12:56:37,400000,منقضی شد
294,1400-7-19 22:15:43,200000,پرداخت ناموفق
295,1400-8-11 16:40:45,900000,در انتظار پرداخت
296,1400-9-14 23:52:26,300000,پرداخت ناموفق
297,1400-10-20 15:22:31,700000,پرداخت ناموفق
298,1400-11-20 19:19:11,200000,منقضی شد
299,1400-12-18 19:35:31,300000,منقضی شد
300,1401-1-16 19:46:40,200000,پرداخت موفق
301,1391-7-18 22:14:57,400000,پرداخت ناموفق
302,1391-8-20 16:37:56,100000,منقضی شد
303,1391-9-18 17:30:58,200000,پرداخت موفق
304,1391-10-14 19:15:45,800000,در انتظار پرداخت
305,1391-11-12 21:12:22,200000,در انتظار پرداخت
306,1391-12-14 12:53:32,700000,در انتظار پرداخت
307,1392-1-15 19:19:14,500000,پرداخت ناموفق
308,1392-2-11 14:40:45,400000,منقضی شد
309,1392-3-18 19:59:44,200000,پرداخت ناموفق
310,1392-4-16 12:45:43,300000,پرداخت موفق
311,1392-5-19 19:11:23,200000,در انتظار پرداخت
312,1392-6-12 19:22:42,500000,پرداخت ناموفق
313,1392-7-10 20:29:28,100000,پرداخت ناموفق
314,1392-8-14 20:56:29,100000,منقضی شد
315,1392-9-19 22:55:23,400000,منقضی شد
316,1392-10-10 17:19:49,900000,پرداخت ناموفق
317,1392-11-15 11:11:20,900000,پرداخت ناموفق
318,1392-12-17 19:13:54,500000,پرداخت ناموفق
319,1393-1-13 23:15:51,200000,در انتظار پرداخت
320,1393-2-12 10:23:51,700000,پرداخت موفق
321,1393-3-12 16:34:31,900000,پرداخت ناموفق
322,1393-4-18 10:16:59,400000,منقضی شد
323,1393-5-16 14:59:26,100000,پرداخت موفق
324,1393-6-16 16:20:22,300000,پرداخت ناموفق
325,1393-7-13 18:46:25,900000,منقضی شد
326,1393-8-18 16:16:40,300000,پرداخت ناموفق
327,1393-9-14 15:23:42,900000,منقضی شد
328,1393-10-15 11:21:49,800000,پرداخت موفق
329,1393-11-18 19:36:20,500000,پرداخت موفق
330,1393-12-19 22:22:34,800000,پرداخت ناموفق
331,1394-1-13 11:35:44,100000,در انتظار پرداخت
332,1394-2-19 11:58:22,400000,پرداخت موفق
333,1394-3-17 23:41:26,300000,پرداخت ناموفق
334,1394-4-11 21:17:40,800000,در انتظار پرداخت
335,1394-5-19 22:10:11,900000,در انتظار پرداخت
336,1394-6-16 14:35:55,400000,منقضی شد
337,1394-7-16 14:52:49,500000,پرداخت ناموفق
338,1394-8-15 12:52:10,400000,منقضی شد
339,1394-9-19 11:58:48,900000,در انتظار پرداخت
340,1394-10-14 20:49:33,100000,پرداخت ناموفق
341,1394-11-20 18:32:19,400000,در انتظار پرداخت
342,1394-12-13 17:34:38,400000,پرداخت موفق
343,1395-1-13 16:16:57,600000,در انتظار پرداخت
344,1395-2-16 20:55:48,900000,پرداخت ناموفق
345,1395-3-12 14:19:40,900000,در انتظار پرداخت
346,1395-4-11 14:52:18,200000,منقضی شد
347,1395-5-13 16:42:57,100000,در انتظار پرداخت
348,1395-6-16 22:30:57,300000,در انتظار پرداخت
349,1395-7-19 19:19:31,400000,منقضی شد
350,1395-8-10 19:48:28,500000,منقضی شد
351,1395-9-11 14:15:18,600000,پرداخت موفق
352,1395-10-11 14:25:52,500000,منقضی شد
353,1395-11-11 10:13:11,500000,منقضی شد
354,1395-12-17 20:39:30,400000,پرداخت ناموفق
355,1396-1-10 13:16:29,100000,پرداخت موفق
356,1396-2-11 22:13:27,800000,منقضی شد
357,1396-3-15 23:28:56,900000,منقضی شد
358,1396-4-19 12:48:46,900000,پرداخت ناموفق
359,1396-5-20 20:52:13,200000,منقضی شد
360,1396-6-10 23:28:59,900000,پرداخت ناموفق
361,1396-7-19 12:52:53,200000,منقضی شد
362,1396-8-12 14:35:52,200000,پرداخت موفق
363,1396-9-16 13:50:23,500000,منقضی شد
364,1396-10-16 11:41:23,400000,پرداخت ناموفق
365,1396-11-18 11:50:34,100000,منقضی شد
366,1396-12-20 21:27:55,200000,پرداخت موفق
367,1397-1-17 15:20:47,700000,منقضی شد
368,1397-2-11 22:25:35,800000,پرداخت ناموفق
369,1397-3-15 17:10:55,800000,منقضی شد
370,1397-4-17 14:43:29,400000,در انتظار پرداخت
371,1397-5-17 23:50:42,300000,در انتظار پرداخت
372,1397-6-16 20:56:46,400000,پرداخت موفق
373,1397-7-20 14:32:42,300000,پرداخت موفق
374,1397-8-10 12:17:42,700000,در انتظار پرداخت
375,1397-9-12 11:44:45,900000,پرداخت موفق
376,1397-10-12 20:42:46,700000,پرداخت موفق
377,1397-11-19 20:49:32,200000,در انتظار پرداخت
378,1397-12-19 14:54:50,500000,در انتظار پرداخت
379,1398-1-19 12:16:42,400000,پرداخت موفق
380,1398-2-20 17:41:22,200000,منقضی شد
381,1398-3-14 11:57:18,500000,پرداخت موفق
382,1398-4-12 13:27:31,900000,پرداخت ناموفق
383,1398-5-11 15:50:39,800000,پرداخت ناموفق
384,1398-6-10 18:59:25,200000,در انتظار پرداخت
385,1398-7-16 18:44:18,700000,پرداخت موفق
386,1398-8-10 21:13:48,800000,در انتظار پرداخت
387,1398-9-17 22:59:38,500000,در انتظار پرداخت
388,1398-10-10 18:46:15,600000,پرداخت ناموفق
389,1398-11-10 22:46:35,100000,پرداخت ناموفق
390,1398-12-10 17:47:58,800000,پرداخت موفق
391,1399-1-13 10:45:29,700000,در انتظار پرداخت
392,1399-2-19 12:32:14,700000,منقضی شد
393,1399-3-10 17:21:57,400000,پرداخت موفق
394,1399-4-17 12:41:35,400000,منقضی شد
395,1399-5-17 21:59:47,700000,در انتظار پرداخت
396,1399-6-19 13:32:31,900000,پرداخت موفق
397,1399-7-17 11:38:32,300000,منقضی شد
398,1399-8-19 18:13:10,200000,در انتظار پرداخت
399,1399-9-13 15:49:54,300000,در انتظار پرداخت
400,1399-10-17 10:50:42,600000,منقضی شد
401,1399-11-14 22:54:40,900000,در انتظار پرداخت
402,1399-12-15 15:26:33,200000,منقضی شد
403,1400-1-11 18:26:10,400000,پرداخت ناموفق
404,1400-2-17 22:13:52,100000,منقضی شد
405,1400-3-10 11:11:48,500000,منقضی شد
406,1400-4-20 17:48:50,500000,در انتظار پرداخت
407,1400-5-10 12:38:45,400000,پرداخت موفق
408,1400-6-10 11:37:54,300000,پرداخت موفق
409,1400-7-15 15:20:16,700000,پرداخت ناموفق
410,1400-8-17 22:41:41,700000,پرداخت ناموفق
411,1400-9-13 23:49:21,500000,در انتظار پرداخت
412,1400-10-17 17:46:45,900000,در انتظار پرداخت
413,1400-11-11 10:52:43,500000,پرداخت ناموفق
414,1400-12-10 15:19:44,300000,پرداخت ناموفق
415,1401-1-16 17:24:19,500000,پرداخت ناموفق
416,1390-1-12 21:40:18,400000,پرداخت ناموفق
417,1390-2-10 15:12:13,100000,پرداخت موفق
418,1390-3-10 23:39:52,100000,پرداخت ناموفق
419,1390-4-14 17:38:14,100000,در انتظار پرداخت
420,1390-5-13 16:10:39,200000,در انتظار پرداخت
421,1390-6-11 18:58:26,300000,پرداخت موفق
422,1390-7-14 20:24:50,400000,در انتظار پرداخت
423,1390-8-10 16:22:37,700000,پرداخت ناموفق
424,1390-9-11 12:35:45,500000,پرداخت موفق
425,1390-10-12 12:36:39,700000,در انتظار پرداخت
426,1390-11-16 11:14:44,200000,منقضی شد
427,1390-12-20 10:35:37,100000,در انتظار پرداخت
428,1391-1-12 18:55:28,500000,منقضی شد
429,1391-2-14 11:46:50,100000,منقضی شد
430,1391-3-14 12:46:32,400000,پرداخت ناموفق
431,1391-4-16 21:34:44,500000,پرداخت ناموفق
432,1391-5-19 21:26:49,600000,منقضی شد
433,1391-6-19 20:47:34,400000,پرداخت موفق
434,1391-7-17 12:47:32,400000,پرداخت موفق
435,1391-8-19 19:12:32,400000,پرداخت موفق
436,1391-9-19 21:59:37,200000,پرداخت ناموفق
437,1391-10-14 23:51:44,900000,در انتظار پرداخت
438,1391-11-20 12:10:44,500000,منقضی شد
439,1391-12-20 19:54:48,900000,پرداخت موفق
440,1392-1-20 16:34:12,100000,در انتظار پرداخت
441,1392-2-16 11:35:10,100000,منقضی شد
442,1392-3-11 20:58:26,700000,منقضی شد
443,1392-4-16 13:59:25,200000,پرداخت موفق
444,1392-5-14 23:10:32,800000,پرداخت موفق
445,1392-6-19 18:21:21,900000,در انتظار پرداخت
446,1392-7-13 20:41:54,800000,پرداخت ناموفق
447,1392-8-18 14:46:20,400000,منقضی شد
448,1392-9-16 18:40:29,400000,در انتظار پرداخت
449,1392-10-19 12:28:45,300000,در انتظار پرداخت
450,1392-11-20 13:39:24,600000,در انتظار پرداخت
451,1392-12-15 17:30:42,700000,منقضی شد
452,1393-1-19 13:13:41,700000,منقضی شد
453,1393-2-15 20:21:17,900000,منقضی شد
454,1393-3-17 22:56:32,800000,پرداخت ناموفق
455,1393-4-16 17:44:41,600000,در انتظار پرداخت
456,1393-5-16 12:37:36,100000,در انتظار پرداخت
457,1393-6-11 14:12:26,400000,پرداخت ناموفق
458,1393-7-12 17:35:43,500000,در انتظار پرداخت
459,1393-8-20 13:57:34,300000,پرداخت موفق
460,1393-9-20 15:31:41,300000,منقضی شد
461,1393-10-13 14:24:16,200000,در انتظار پرداخت
462,1393-11-16 19:38:39,400000,پرداخت موفق
463,1393-12-15 21:27:33,300000,منقضی شد
464,1394-1-16 16:13:52,900000,پرداخت موفق
465,1394-2-17 11:54:43,100000,منقضی شد
466,1394-3-17 12:15:30,600000,پرداخت ناموفق
467,1394-4-12 16:32:54,700000,منقضی شد
468,1394-5-18 23:57:11,200000,منقضی شد
469,1394-6-19 13:31:14,500000,منقضی شد
470,1394-7-20 10:52:37,300000,پرداخت موفق
471,1394-8-19 20:43:21,600000,در انتظار پرداخت
472,1394-9-14 23:15:55,400000,منقضی شد
473,1394-10-16 22:28:40,800000,منقضی شد
474,1394-11-18 11:15:35,600000,در انتظار پرداخت
475,1394-12-17 20:19:30,500000,پرداخت موفق
476,1395-1-14 11:18:52,900000,منقضی شد
477,1395-2-19 17:10:28,900000,در انتظار پرداخت
478,1395-3-13 18:34:44,200000,منقضی شد
479,1395-4-16 23:58:54,400000,پرداخت موفق
480,1395-5-11 23:15:55,100000,پرداخت موفق
481,1395-6-19 22:23:12,600000,منقضی شد
482,1395-7-14 20:57:52,700000,در انتظار پرداخت
483,1395-8-11 16:36:21,300000,در انتظار پرداخت
484,1395-9-20 13:38:19,200000,منقضی شد
485,1395-10-12 21:34:58,600000,منقضی شد
486,1395-11-12 17:50:52,100000,منقضی شد
487,1395-12-14 23:21:30,900000,پرداخت موفق
488,1396-1-15 11:54:43,600000,پرداخت موفق
489,1396-2-12 23:23:50,200000,در انتظار پرداخت
490,1396-3-10 12:49:15,200000,پرداخت ناموفق
491,1396-4-11 11:43:41,300000,پرداخت موفق
492,1396-5-15 10:51:53,300000,پرداخت موفق
493,1396-6-11 15:31:49,200000,منقضی شد
494,1396-7-11 16:42:19,600000,در انتظار پرداخت
495,1396-8-19 19:55:35,300000,منقضی شد
496,1396-9-13 20:48:21,600000,منقضی شد
497,1396-10-20 18:22:50,700000,پرداخت ناموفق
498,1396-11-14 12:55:18,500000,پرداخت ناموفق
499,1396-12-15 12:11:41,600000,پرداخت موفق
500,1397-1-13 12:57:43,500000,پرداخت موفق
501,1397-2-16 11:43:44,800000,پرداخت ناموفق
502,1397-3-19 14:12:24,800000,در انتظار پرداخت
503,1397-4-13 16:17:59,800000,پرداخت ناموفق
504,1397-5-18 22:28:59,400000,پرداخت موفق
505,1397-6-11 13:11:24,100000,پرداخت ناموفق
506,1397-7-16 15:29:21,500000,پرداخت موفق
507,1397-8-18 10:48:38,800000,منقضی شد
508,1397-9-18 14:19:59,400000,پرداخت ناموفق
509,1397-10-11 19:16:18,800000,پرداخت ناموفق
510,1397-11-11 15:16:27,500000,منقضی شد
511,1397-12-20 15:55:10,400000,پرداخت ناموفق
512,1398-1-19 15:29:45,900000,در انتظار پرداخت
513,1398-2-20 21:16:31,700000,منقضی شد
514,1398-3-18 13:34:52,800000,در انتظار پرداخت
515,1398-4-18 12:28:58,200000,پرداخت موفق
516,1398-5-10 22:15:31,300000,در انتظار پرداخت
517,1398-6-19 13:23:46,300000,پرداخت ناموفق
518,1398-7-14 23:25:46,100000,منقضی شد
519,1398-8-19 15:57:34,400000,در انتظار پرداخت
520,1398-9-17 18:40:52,800000,منقضی شد
521,1398-10-10 16:50:29,300000,پرداخت موفق
522,1398-11-11 10:11:54,300000,در انتظار پرداخت
523,1398-12-13 11:11:15,300000,پرداخت ناموفق
524,1399-1-14 10:11:29,800000,پرداخت ناموفق
525,1399-2-19 10:15:42,500000,پرداخت موفق
526,1399-3-15 17:50:30,100000,پرداخت موفق
527,1399-4-10 14:28:12,300000,منقضی شد
528,1399-5-10 16:18:37,100000,در انتظار پرداخت
529,1399-6-18 22:41:34,400000,پرداخت موفق
530,1399-7-18 18:10:40,300000,در انتظار پرداخت
531,1399-8-20 21:32:53,800000,پرداخت ناموفق
532,1399-9-19 23:14:40,900000,پرداخت موفق
533,1399-10-15 17:54:45,700000,پرداخت ناموفق
534,1399-11-14 10:28:33,400000,پرداخت موفق
535,1399-12-16 19:20:52,900000,در انتظار پرداخت
536,1400-1-10 23:29:16,600000,پرداخت موفق
537,1400-2-10 17:51:12,100000,پرداخت موفق
538,1400-3-10 11:36:15,900000,پرداخت موفق
539,1400-4-13 19:33:41,100000,در انتظار پرداخت
540,1400-5-13 15:11:42,700000,منقضی شد
541,1400-6-14 23:47:41,300000,در انتظار پرداخت
542,1400-7-12 20:28:11,100000,منقضی شد
543,1400-8-10 17:43:56,100000,در انتظار پرداخت
544,1400-9-12 21:25:17,700000,منقضی شد
545,1400-10-12 23:48:15,700000,در انتظار پرداخت
546,1400-11-15 22:55:20,200000,پرداخت ناموفق
547,1400-12-12 17:42:56,600000,پرداخت موفق
548,1401-1-15 10:19:38,200000,پرداخت موفق
549,1393-2-20 21:21:27,700000,پرداخت ناموفق
550,1393-3-18 18:53:28,200000,پرداخت ناموفق
551,1393-4-17 17:37:16,700000,در انتظار پرداخت
552,1393-5-13 11:50:18,500000,منقضی شد
553,1393-6-20 21:25:31,300000,در انتظار پرداخت
554,1393-7-14 17:55:48,400000,پرداخت ناموفق
555,1393-8-11 16:52:39,700000,در انتظار پرداخت
556,1393-9-12 13:12:52,600000,پرداخت موفق
557,1393-10-20 17:22:27,100000,منقضی شد
558,1393-11-16 12:18:57,700000,منقضی شد
559,1393-12-16 14:55:21,800000,در انتظار پرداخت
560,1394-1-13 15:28:19,800000,پرداخت موفق
561,1394-2-16 19:12:36,700000,پرداخت ناموفق
562,1394-3-10 23:34:52,900000,منقضی شد
563,1394-4-16 13:38:59,800000,منقضی شد
564,1394-5-17 11:19:53,100000,در انتظار پرداخت
565,1394-6-14 13:53:24,800000,در انتظار پرداخت
566,1394-7-10 19:15:24,700000,پرداخت موفق
567,1394-8-10 22:50:50,900000,در انتظار پرداخت
568,1394-9-17 22:58:49,600000,پرداخت ناموفق
569,1394-10-17 22:46:43,700000,پرداخت ناموفق
570,1394-11-19 19:55:55,200000,منقضی شد
571,1394-12-18 20:58:21,900000,پرداخت موفق
572,1395-1-11 14:47:43,300000,منقضی شد
573,1395-2-20 11:49:53,300000,در انتظار پرداخت
574,1395-3-18 14:51:12,200000,منقضی شد
575,1395-4-10 12:15:42,400000,پرداخت موفق
576,1395-5-17 20:28:10,200000,منقضی شد
577,1395-6-15 15:52:20,500000,منقضی شد
578,1395-7-13 21:59:16,500000,پرداخت ناموفق
579,1395-8-13 11:23:29,600000,در انتظار پرداخت
580,1395-9-15 15:12:16,900000,در انتظار پرداخت
581,1395-10-18 20:38:11,700000,منقضی شد
582,1395-11-18 21:16:18,700000,پرداخت موفق
583,1395-12-14 15:41:29,800000,در انتظار پرداخت
584,1396-1-12 16:28:58,400000,پرداخت موفق
585,1396-2-19 23:18:34,700000,پرداخت موفق
586,1396-3-10 10:23:25,900000,منقضی شد
587,1396-4-11 13:38:51,600000,در انتظار پرداخت
588,1396-5-18 16:49:42,600000,پرداخت ناموفق
589,1396-6-12 14:54:56,700000,در انتظار پرداخت
590,1396-7-19 22:22:53,100000,منقضی شد
591,1396-8-15 20:28:39,300000,پرداخت موفق
592,1396-9-14 19:11:53,400000,منقضی شد
593,1396-10-15 19:28:14,100000,پرداخت موفق
594,1396-11-19 12:27:32,900000,منقضی شد
595,1396-12-14 11:27:53,400000,در انتظار پرداخت
596,1397-1-20 18:54:13,100000,پرداخت ناموفق
597,1397-2-11 15:22:21,100000,در انتظار پرداخت
598,1397-3-18 13:12:19,400000,پرداخت موفق
599,1397-4-18 23:13:23,500000,منقضی شد
600,1397-5-15 17:40:13,500000,منقضی شد
601,1397-6-13 22:18:23,400000,منقضی شد
602,1397-7-20 23:16:22,900000,پرداخت ناموفق
603,1397-8-18 18:13:11,700000,پرداخت ناموفق
604,1397-9-13 20:56:50,900000,منقضی شد
605,1397-10-10 17:45:31,100000,منقضی شد
606,1397-11-20 23:49:22,300000,پرداخت ناموفق
607,1397-12-16 11:25:16,200000,پرداخت ناموفق
608,1398-1-12 16:20:48,700000,پرداخت ناموفق
609,1398-2-19 16:35:51,500000,منقضی شد
610,1398-3-14 17:52:11,400000,در انتظار پرداخت
611,1398-4-19 12:41:41,800000,پرداخت ناموفق
612,1398-5-11 12:32:28,100000,در انتظار پرداخت
613,1398-6-11 18:32:29,300000,پرداخت موفق
614,1398-7-17 23:40:15,200000,در انتظار پرداخت
615,1398-8-10 20:18:53,400000,پرداخت ناموفق
616,1398-9-15 19:24:54,900000,منقضی شد
617,1398-10-13 10:55:47,600000,در انتظار پرداخت
618,1398-11-16 12:41:29,400000,پرداخت ناموفق
619,1398-12-13 15:27:44,500000,پرداخت ناموفق
620,1399-1-17 12:27:26,300000,منقضی شد
621,1399-2-16 11:14:12,800000,در انتظار پرداخت
622,1399-3-13 11:26:30,800000,منقضی شد
623,1399-4-19 17:41:41,300000,پرداخت ناموفق
624,1399-5-16 16:50:34,800000,منقضی شد
625,1399-6-14 22:25:35,400000,پرداخت موفق
626,1399-7-20 13:15:44,200000,پرداخت موفق
627,1399-8-17 20:44:33,600000,منقضی شد
628,1399-9-12 13:42:52,500000,پرداخت ناموفق
629,1399-10-13 13:36:50,700000,پرداخت موفق
630,1399-11-19 13:31:31,800000,پرداخت ناموفق
631,1399-12-10 23:59:44,100000,پرداخت موفق
632,1400-1-12 13:19:39,700000,پرداخت موفق
633,1400-2-14 21:27:22,900000,پرداخت ناموفق
634,1400-3-13 18:54:44,800000,پرداخت ناموفق
635,1400-4-20 21:51:15,700000,در انتظار پرداخت
636,1400-5-10 11:52:48,500000,منقضی شد
637,1400-6-10 23:54:49,400000,پرداخت ناموفق
638,1400-7-14 21:14:42,800000,پرداخت ناموفق
639,1400-8-20 11:46:51,100000,پرداخت موفق
640,1400-9-10 16:50:44,200000,منقضی شد
641,1400-10-18 22:39:18,800000,منقضی شد
642,1400-11-10 18:54:21,900000,منقضی شد
643,1400-12-16 21:52:58,300000,پرداخت موفق
644,1401-1-10 18:46:58,400000,منقضی شد
645,1390-10-13 12:57:31,700000,در انتظار پرداخت
646,1390-11-20 16:21:56,900000,پرداخت ناموفق
647,1390-12-15 12:37:59,800000,منقضی شد
648,1391-1-12 11:58:29,100000,پرداخت موفق
649,1391-2-15 22:29:50,300000,پرداخت ناموفق
650,1391-3-10 10:23:19,100000,پرداخت موفق
651,1391-4-15 18:33:11,600000,در انتظار پرداخت
652,1391-5-18 21:54:45,200000,پرداخت ناموفق
653,1391-6-19 18:26:42,100000,در انتظار پرداخت
654,1391-7-11 22:32:54,300000,منقضی شد
655,1391-8-16 19:30:29,700000,منقضی شد
656,1391-9-17 13:46:59,700000,پرداخت ناموفق
657,1391-10-10 10:44:58,100000,منقضی شد
658,1391-11-10 12:28:26,600000,پرداخت ناموفق
659,1391-12-17 13:29:52,700000,منقضی شد
660,1392-1-16 18:28:41,700000,پرداخت ناموفق
661,1392-2-17 21:34:10,500000,پرداخت ناموفق
662,1392-3-19 19:53:12,300000,منقضی شد
663,1392-4-12 19:14:29,200000,پرداخت ناموفق
664,1392-5-11 13:21:21,300000,منقضی شد
665,1392-6-11 16:16:17,200000,پرداخت ناموفق
666,1392-7-20 23:34:16,100000,در انتظار پرداخت
667,1392-8-14 12:41:28,800000,پرداخت موفق
668,1392-9-14 16:24:33,100000,در انتظار پرداخت
669,1392-10-13 22:46:14,300000,منقضی شد
670,1392-11-18 10:20:47,300000,منقضی شد
671,1392-12-14 12:59:23,400000,منقضی شد
672,1393-1-13 21:12:28,400000,در انتظار پرداخت
673,1393-2-12 13:26:31,100000,پرداخت موفق
674,1393-3-14 15:22:47,800000,منقضی شد
675,1393-4-17 13:19:35,700000,در انتظار پرداخت
676,1393-5-14 10:59:40,300000,پرداخت موفق
677,1393-6-13 19:55:21,100000,پرداخت موفق
678,1393-7-14 11:40:32,700000,در انتظار پرداخت
679,1393-8-11 11:16:53,500000,منقضی شد
680,1393-9-17 11:12:42,900000,پرداخت موفق
681,1393-10-20 11:55:51,200000,در انتظار پرداخت
682,1393-11-11 12:16:16,700000,منقضی شد
683,1393-12-15 18:23:20,100000,در انتظار پرداخت
684,1394-1-17 10:35:42,800000,منقضی شد
685,1394-2-14 21:53:17,400000,در انتظار پرداخت
686,1394-3-10 19:35:58,600000,در انتظار پرداخت
687,1394-4-19 21:32:20,400000,پرداخت ناموفق
688,1394-5-12 12:41:13,300000,پرداخت ناموفق
689,1394-6-20 22:35:41,800000,پرداخت موفق
690,1394-7-18 10:23:10,900000,منقضی شد
691,1394-8-12 22:41:32,300000,پرداخت موفق
692,1394-9-20 18:10:20,400000,پرداخت ناموفق
693,1394-10-12 16:46:43,800000,در انتظار پرداخت
694,1394-11-19 13:26:45,800000,پرداخت ناموفق
695,1394-12-19 21:26:41,400000,منقضی شد
696,1395-1-13 20:29:43,500000,در انتظار پرداخت
697,1395-2-18 16:35:47,500000,پرداخت ناموفق
698,1395-3-18 13:46:13,900000,منقضی شد
699,1395-4-14 18:59:13,600000,پرداخت ناموفق
700,1395-5-13 22:30:46,400000,منقضی شد
701,1395-6-15 22:36:19,700000,پرداخت ناموفق
702,1395-7-17 21:38:21,700000,پرداخت ناموفق
703,1395-8-18 14:34:39,800000,منقضی شد
704,1395-9-10 13:30:36,900000,در انتظار پرداخت
705,1395-10-14 13:15:22,500000,پرداخت ناموفق
706,1395-11-18 10:12:11,900000,در انتظار پرداخت
707,1395-12-13 13:34:17,100000,پرداخت موفق
708,1396-1-10 23:15:45,500000,منقضی شد
709,1396-2-11 23:35:49,300000,منقضی شد
710,1396-3-13 13:44:32,300000,منقضی شد
711,1396-4-13 20:38:40,900000,پرداخت ناموفق
712,1396-5-10 16:34:43,300000,در انتظار پرداخت
713,1396-6-10 17:49:19,200000,منقضی شد
714,1396-7-18 19:55:14,300000,پرداخت موفق
715,1396-8-12 20:23:40,800000,منقضی شد
716,1396-9-15 22:40:19,900000,پرداخت موفق
717,1396-10-17 20:12:41,800000,پرداخت موفق
718,1396-11-17 20:25:13,200000,پرداخت موفق
719,1396-12-18 17:53:48,300000,پرداخت موفق
720,1397-1-10 13:50:33,100000,منقضی شد
721,1397-2-11 11:36:10,400000,پرداخت موفق
722,1397-3-16 21:15:55,900000,پرداخت ناموفق
723,1397-4-11 11:18:25,700000,منقضی شد
724,1397-5-20 15:22:12,500000,پرداخت موفق
725,1397-6-19 23:33:31,700000,پرداخت موفق
726,1397-7-12 20:34:25,400000,منقضی شد
727,1397-8-11 14:42:51,800000,در انتظار پرداخت
728,1397-9-17 21:54:27,400000,پرداخت موفق
729,1397-10-10 19:34:28,500000,پرداخت موفق
730,1397-11-16 13:32:38,200000,پرداخت ناموفق
731,1397-12-14 12:31:35,900000,در انتظار پرداخت
732,1398-1-11 15:19:16,900000,پرداخت موفق
733,1398-2-19 12:14:29,100000,پرداخت ناموفق
734,1398-3-17 17:58:42,100000,پرداخت موفق
735,1398-4-15 21:22:37,400000,در انتظار پرداخت
736,1398-5-15 18:50:23,500000,پرداخت ناموفق
737,1398-6-11 20:11:31,300000,پرداخت ناموفق
738,1398-7-12 16:56:34,500000,منقضی شد
739,1398-8-20 22:39:53,200000,پرداخت موفق
740,1398-9-15 23:28:47,100000,پرداخت ناموفق
741,1398-10-19 14:46:17,800000,منقضی شد
742,1398-11-19 12:39:57,600000,منقضی شد
743,1398-12-18 13:56:14,500000,در انتظار پرداخت
744,1399-1-20 13:44:19,100000,در انتظار پرداخت
745,1399-2-15 13:41:45,700000,پرداخت ناموفق
746,1399-3-13 16:57:44,700000,در انتظار پرداخت
747,1399-4-10 10:23:20,900000,پرداخت موفق
748,1399-5-16 13:33:31,600000,در انتظار پرداخت
749,1399-6-11 16:47:13,800000,در انتظار پرداخت
750,1399-7-16 22:49:55,800000,در انتظار پرداخت
751,1399-8-15 13:43:40,500000,منقضی شد
752,1399-9-20 19:33:12,500000,در انتظار پرداخت
753,1399-10-11 23:54:58,500000,منقضی شد
754,1399-11-18 19:30:54,800000,در انتظار پرداخت
755,1399-12-16 13:13:26,700000,منقضی شد
756,1400-1-14 21:37:16,100000,پرداخت موفق
757,1400-2-19 22:14:13,300000,منقضی شد
758,1400-3-17 22:57:35,200000,پرداخت ناموفق
759,1400-4-19 12:52:30,300000,پرداخت موفق
760,1400-5-13 11:13:11,300000,در انتظار پرداخت
761,1400-6-19 19:13:33,300000,پرداخت موفق
762,1400-7-19 11:37:49,400000,در انتظار پرداخت
763,1400-8-14 22:10:36,500000,در انتظار پرداخت
764,1400-9-15 14:32:10,900000,در انتظار پرداخت
765,1400-10-12 13:15:38,400000,منقضی شد
766,1400-11-15 22:53:45,700000,پرداخت موفق
767,1400-12-18 21:33:14,700000,در انتظار پرداخت
768,1401-1-19 14:56:43,400000,پرداخت موفق
769,1399-9-14 20:59:16,300000,منقضی شد
770,1399-10-17 16:39:47,700000,پرداخت ناموفق
771,1399-11-10 16:54:56,400000,پرداخت موفق
772,1399-12-11 21:57:25,600000,منقضی شد
773,1400-1-11 13:25:53,900000,منقضی شد
774,1400-2-16 20:39:35,600000,در انتظار پرداخت
775,1400-3-12 13:19:41,700000,در انتظار پرداخت
776,1400-4-16 19:48:29,600000,پرداخت موفق
777,1400-5-10 20:52:47,200000,پرداخت موفق
778,1400-6-13 12:11:38,400000,پرداخت ناموفق
779,1400-7-11 10:12:30,600000,پرداخت ناموفق
780,1400-8-19 14:28:51,900000,پرداخت ناموفق
781,1400-9-20 22:14:47,800000,پرداخت ناموفق
782,1400-10-12 12:47:13,200000,منقضی شد
783,1400-11-20 23:46:57,900000,پرداخت ناموفق
784,1400-12-15 23:48:53,300000,پرداخت موفق
785,1401-1-12 12:19:44,200000,در انتظار پرداخت
786,1395-5-19 22:22:21,300000,منقضی شد
787,1395-6-15 23:23:27,100000,پرداخت ناموفق
788,1395-7-11 11:15:20,400000,منقضی شد
789,1395-8-15 16:32:39,900000,منقضی شد
790,1395-9-16 10:25:10,400000,در انتظار پرداخت
791,1395-10-15 17:49:13,900000,پرداخت ناموفق
792,1395-11-12 18:47:23,400000,پرداخت موفق
793,1395-12-13 23:16:52,600000,منقضی شد
794,1396-1-15 15:38:45,700000,پرداخت ناموفق
795,1396-2-16 21:12:16,300000,منقضی شد
796,1396-3-16 18:23:45,100000,پرداخت موفق
797,1396-4-11 14:42:22,300000,پرداخت ناموفق
798,1396-5-10 22:58:51,900000,منقضی شد
799,1396-6-10 18:29:42,300000,در انتظار پرداخت
800,1396-7-17 19:40:43,800000,پرداخت ناموفق
801,1396-8-19 23:54:47,300000,منقضی شد
802,1396-9-13 20:55:58,200000,پرداخت موفق
803,1396-10-14 12:41:51,100000,منقضی شد
804,1396-11-20 19:11:31,900000,منقضی شد
805,1396-12-13 18:20:51,600000,منقضی شد
806,1397-1-13 17:28:25,900000,در انتظار پرداخت
807,1397-2-12 13:40:46,200000,پرداخت ناموفق
808,1397-3-12 18:53:18,500000,پرداخت موفق
809,1397-4-14 11:22:26,400000,پرداخت موفق
810,1397-5-20 17:10:11,300000,پرداخت موفق
811,1397-6-20 22:55:53,700000,پرداخت ناموفق
812,1397-7-11 17:52:32,500000,پرداخت موفق
813,1397-8-17 23:30:19,800000,پرداخت ناموفق
814,1397-9-10 18:50:14,600000,منقضی شد
815,1397-10-12 19:52:31,500000,منقضی شد
816,1397-11-17 12:24:13,800000,پرداخت ناموفق
817,1397-12-14 10:45:23,500000,پرداخت موفق
818,1398-1-13 19:22:22,500000,پرداخت ناموفق
819,1398-2-15 17:57:41,500000,پرداخت ناموفق
820,1398-3-14 12:56:57,500000,منقضی شد
821,1398-4-19 14:18:14,300000,در انتظار پرداخت
822,1398-5-11 20:34:15,700000,پرداخت ناموفق
823,1398-6-14 16:58:24,500000,پرداخت موفق
824,1398-7-16 11:23:52,100000,در انتظار پرداخت
825,1398-8-20 16:14:14,800000,پرداخت ناموفق
826,1398-9-12 22:48:34,900000,منقضی شد
827,1398-10-14 22:19:36,800000,منقضی شد
828,1398-11-15 12:43:27,300000,در انتظار پرداخت
829,1398-12-10 11:46:52,500000,پرداخت ناموفق
830,1399-1-11 12:56:51,500000,پرداخت ناموفق
831,1399-2-19 23:22:24,700000,در انتظار پرداخت
832,1399-3-13 12:59:56,700000,منقضی شد
833,1399-4-13 12:56:53,900000,پرداخت ناموفق
834,1399-5-16 20:13:57,900000,منقضی شد
835,1399-6-10 10:43:30,900000,پرداخت موفق
836,1399-7-12 10:18:27,500000,منقضی شد
837,1399-8-18 12:50:55,300000,منقضی شد
838,1399-9-11 12:59:13,900000,پرداخت ناموفق
839,1399-10-13 15:39:26,400000,منقضی شد
840,1399-11-16 14:13:28,100000,منقضی شد
841,1399-12-12 16:47:12,700000,پرداخت موفق
842,1400-1-12 16:44:16,400000,پرداخت ناموفق
843,1400-2-19 20:30:15,800000,منقضی شد
844,1400-3-17 12:54:50,700000,پرداخت موفق
845,1400-4-17 20:24:48,300000,پرداخت ناموفق
846,1400-5-10 13:27:49,900000,پرداخت موفق
847,1400-6-16 23:51:29,700000,منقضی شد
848,1400-7-10 13:10:21,600000,پرداخت موفق
849,1400-8-17 19:50:48,100000,در انتظار پرداخت
850,1400-9-16 10:57:49,200000,منقضی شد
851,1400-10-13 12:17:54,900000,پرداخت ناموفق
852,1400-11-13 19:24:59,800000,در انتظار پرداخت
853,1400-12-10 10:42:36,800000,در انتظار پرداخت
854,1401-1-20 17:10:56,300000,پرداخت ناموفق
855,1399-8-16 15:41:39,100000,پرداخت موفق
856,1399-9-18 15:54:33,100000,پرداخت ناموفق
857,1399-10-19 14:30:24,500000,منقضی شد
858,1399-11-18 16:45:59,100000,در انتظار پرداخت
859,1399-12-14 21:40:23,300000,پرداخت ناموفق
860,1400-1-18 16:17:33,700000,منقضی شد
861,1400-2-10 23:14:24,300000,پرداخت ناموفق
862,1400-3-10 13:23:13,800000,پرداخت موفق
863,1400-4-19 10:13:29,900000,پرداخت ناموفق
864,1400-5-10 19:42:43,100000,پرداخت ناموفق
865,1400-6-14 11:14:34,800000,منقضی شد
866,1400-7-11 12:52:11,400000,منقضی شد
867,1400-8-17 21:33:11,900000,در انتظار پرداخت
868,1400-9-20 15:32:36,500000,منقضی شد
869,1400-10-10 12:35:21,800000,پرداخت ناموفق
870,1400-11-17 11:28:55,700000,پرداخت ناموفق
871,1400-12-10 21:52:38,300000,پرداخت ناموفق
872,1401-1-14 11:55:56,500000,در انتظار پرداخت
873,1399-3-20 10:33:48,100000,در انتظار پرداخت
874,1399-4-14 13:55:34,900000,در انتظار پرداخت
875,1399-5-17 14:29:25,400000,در انتظار پرداخت
876,1399-6-17 11:39:24,400000,پرداخت موفق
877,1399-7-10 16:21:49,700000,منقضی شد
878,1399-8-13 14:41:55,100000,پرداخت موفق
879,1399-9-13 22:10:24,900000,پرداخت ناموفق
880,1399-10-10 13:25:50,300000,پرداخت موفق
881,1399-11-10 18:37:55,900000,منقضی شد
882,1399-12-20 10:53:30,800000,در انتظار پرداخت
883,1400-1-15 17:55:43,400000,منقضی شد
884,1400-2-18 13:36:34,900000,پرداخت موفق
885,1400-3-11 16:48:15,900000,منقضی شد
886,1400-4-18 17:45:51,300000,پرداخت موفق
887,1400-5-11 19:32:37,400000,پرداخت ناموفق
888,1400-6-20 11:38:40,700000,پرداخت ناموفق
889,1400-7-17 21:20:54,300000,پرداخت ناموفق
890,1400-8-17 11:46:13,700000,منقضی شد
891,1400-9-18 20:46:39,400000,پرداخت موفق
892,1400-10-19 22:14:12,200000,در انتظار پرداخت
893,1400-11-11 12:11:24,400000,پرداخت موفق
894,1400-12-12 17:30:41,300000,در انتظار پرداخت
895,1401-1-12 14:16:41,500000,پرداخت موفق
896,1392-4-11 14:38:40,600000,پرداخت موفق
897,1392-5-15 19:24:26,500000,در انتظار پرداخت
898,1392-6-19 13:49:25,800000,منقضی شد
899,1392-7-12 23:22:16,400000,پرداخت موفق
900,1392-8-16 22:26:20,300000,پرداخت ناموفق
901,1392-9-12 21:43:30,100000,در انتظار پرداخت
902,1392-10-11 13:19:53,200000,پرداخت ناموفق
903,1392-11-19 10:27:55,300000,منقضی شد
904,1392-12-14 21:34:42,200000,پرداخت موفق
905,1393-1-18 19:46:24,900000,در انتظار پرداخت
906,1393-2-10 14:25:49,600000,در انتظار پرداخت
907,1393-3-20 14:48:44,300000,منقضی شد
908,1393-4-15 22:10:40,400000,منقضی شد
909,1393-5-15 15:16:54,600000,منقضی شد
910,1393-6-10 20:20:15,400000,پرداخت موفق
911,1393-7-20 15:17:15,800000,پرداخت موفق
912,1393-8-14 11:29:37,400000,منقضی شد
913,1393-9-17 11:53:55,300000,در انتظار پرداخت
914,1393-10-13 13:53:56,900000,پرداخت ناموفق
915,1393-11-17 22:10:53,500000,پرداخت موفق
916,1393-12-10 13:50:59,900000,در انتظار پرداخت
917,1394-1-11 13:53:40,900000,در انتظار پرداخت
918,1394-2-19 18:11:34,300000,پرداخت ناموفق
919,1394-3-11 18:52:38,300000,پرداخت ناموفق
920,1394-4-19 20:36:44,100000,در انتظار پرداخت
921,1394-5-15 20:57:44,400000,پرداخت ناموفق
922,1394-6-13 20:49:55,900000,پرداخت ناموفق
923,1394-7-15 20:29:17,500000,منقضی شد
924,1394-8-19 16:49:20,900000,پرداخت موفق
925,1394-9-17 16:57:11,800000,پرداخت ناموفق
926,1394-10-16 18:50:12,400000,منقضی شد
927,1394-11-19 23:46:40,700000,در انتظار پرداخت
928,1394-12-15 23:20:11,400000,منقضی شد
929,1395-1-14 10:52:42,100000,در انتظار پرداخت
930,1395-2-20 10:28:12,800000,پرداخت ناموفق
931,1395-3-19 13:41:26,800000,در انتظار پرداخت
932,1395-4-10 13:12:14,300000,پرداخت موفق
933,1395-5-13 22:17:58,300000,منقضی شد
934,1395-6-19 22:16:17,900000,در انتظار پرداخت
935,1395-7-16 12:10:15,300000,در انتظار پرداخت
936,1395-8-15 19:32:41,200000,در انتظار پرداخت
937,1395-9-10 22:37:58,300000,پرداخت ناموفق
938,1395-10-10 11:44:17,100000,پرداخت موفق
939,1395-11-15 11:17:59,300000,در انتظار پرداخت
940,1395-12-14 19:48:15,800000,در انتظار پرداخت
941,1396-1-11 22:30:48,500000,پرداخت ناموفق
942,1396-2-14 10:48:23,500000,در انتظار پرداخت
943,1396-3-19 21:41:50,300000,پرداخت ناموفق
944,1396-4-20 17:53:36,800000,در انتظار پرداخت
945,1396-5-15 21:28:55,800000,پرداخت موفق
946,1396-6-18 11:47:50,400000,پرداخت ناموفق
947,1396-7-12 15:35:22,300000,پرداخت ناموفق
948,1396-8-16 20:31:10,200000,پرداخت موفق
949,1396-9-20 18:12:31,300000,در انتظار پرداخت
950,1396-10-16 10:33:31,400000,پرداخت ناموفق
951,1396-11-20 10:56:15,600000,پرداخت ناموفق
952,1396-12-20 21:34:18,200000,پرداخت ناموفق
953,1397-1-18 14:49:19,300000,منقضی شد
954,1397-2-13 12:34:35,200000,پرداخت ناموفق
955,1397-3-14 17:14:41,500000,در انتظار پرداخت
956,1397-4-20 13:53:56,300000,پرداخت ناموفق
957,1397-5-20 22:27:41,100000,پرداخت موفق
958,1397-6-20 14:57:10,800000,پرداخت ناموفق
959,1397-7-14 19:48:48,800000,منقضی شد
960,1397-8-13 22:28:52,900000,در انتظار پرداخت
961,1397-9-13 12:43:21,900000,پرداخت موفق
962,1397-10-13 18:14:50,300000,منقضی شد
963,1397-11-16 11:38:38,900000,پرداخت موفق
964,1397-12-16 12:14:25,400000,پرداخت موفق
965,1398-1-19 20:24:59,400000,منقضی شد
966,1398-2-15 11:21:37,600000,پرداخت موفق
967,1398-3-15 14:39:51,700000,منقضی شد
968,1398-4-17 13:55:50,900000,پرداخت ناموفق
969,1398-5-17 14:48:21,400000,پرداخت موفق
970,1398-6-14 16:28:43,300000,منقضی شد
971,1398-7-11 16:34:23,700000,در انتظار پرداخت
972,1398-8-13 14:44:44,800000,در انتظار پرداخت
973,1398-9-16 16:40:30,500000,در انتظار پرداخت
974,1398-10-19 13:52:52,400000,پرداخت موفق
975,1398-11-12 14:27:23,100000,پرداخت موفق
976,1398-12-13 18:41:27,500000,منقضی شد
977,1399-1-10 11:16:28,700000,در انتظار پرداخت
978,1399-2-13 17:39:54,600000,در انتظار پرداخت
979,1399-3-14 15:14:53,900000,منقضی شد
980,1399-4-14 16:40:27,700000,پرداخت ناموفق
981,1399-5-10 23:39:39,300000,پرداخت ناموفق
982,1399-6-11 13:41:55,500000,در انتظار پرداخت
983,1399-7-13 10:17:58,500000,پرداخت ناموفق
984,1399-8-12 17:26:23,500000,منقضی شد
985,1399-9-12 15:29:20,100000,منقضی شد
986,1399-10-17 23:29:58,400000,در انتظار پرداخت
987,1399-11-20 18:11:54,600000,پرداخت موفق
988,1399-12-14 13:22:24,500000,پرداخت ناموفق
989,1400-1-19 13:55:54,300000,پرداخت ناموفق
990,1400-2-18 10:28:29,700000,پرداخت ناموفق
991,1400-3-12 21:13:17,900000,در انتظار پرداخت
992,1400-4-10 21:19:34,500000,در انتظار پرداخت
993,1400-5-17 15:26:16,500000,در انتظار پرداخت
994,1400-6-15 13:42:18,400000,منقضی شد
995,1400-7-12 17:14:14,700000,منقضی شد
996,1400-8-14 22:51:39,600000,منقضی شد
997,1400-9-14 16:58:36,700000,در انتظار پرداخت
998,1400-10-16 16:19:23,600000,در انتظار پرداخت
999,1400-11-18 17:45:17,300000,پرداخت ناموفق
1000,1400-12-14 12:15:29,200000,پرداخت موفق
1001,1401-1-15 16:53:29,800000,در انتظار پرداخت
1002,1391-5-16 10:57:58,600000,پرداخت ناموفق
1003,1391-6-20 20:10:35,600000,در انتظار پرداخت
1004,1391-7-14 19:10:50,900000,پرداخت موفق
1005,1391-8-17 21:46:40,500000,پرداخت موفق
1006,1391-9-14 18:27:12,200000,منقضی شد
1007,1391-10-20 12:17:17,100000,پرداخت موفق
1008,1391-11-13 14:16:52,800000,منقضی شد
1009,1391-12-15 20:36:54,300000,پرداخت موفق
1010,1392-1-14 20:46:58,700000,پرداخت موفق
1011,1392-2-16 18:54:17,800000,پرداخت ناموفق
1012,1392-3-13 16:35:37,700000,منقضی شد
1013,1392-4-19 23:42:26,800000,منقضی شد
1014,1392-5-13 19:36:17,100000,پرداخت ناموفق
1015,1392-6-16 21:25:26,700000,منقضی شد
1016,1392-7-14 17:40:16,300000,در انتظار پرداخت
1017,1392-8-12 21:54:59,200000,پرداخت موفق
1018,1392-9-17 10:20:26,700000,منقضی شد
1019,1392-10-19 19:20:35,400000,منقضی شد
1020,1392-11-10 15:52:27,500000,پرداخت موفق
1021,1392-12-18 19:35:26,500000,پرداخت ناموفق
1022,1393-1-12 16:35:13,700000,پرداخت ناموفق
1023,1393-2-15 17:14:24,600000,پرداخت موفق
1024,1393-3-14 17:49:26,600000,در انتظار پرداخت
1025,1393-4-16 19:16:27,300000,در انتظار پرداخت
1026,1393-5-12 19:21:36,500000,در انتظار پرداخت
1027,1393-6-15 19:34:55,500000,پرداخت ناموفق
1028,1393-7-12 11:50:25,600000,منقضی شد
1029,1393-8-14 10:35:40,700000,پرداخت ناموفق
1030,1393-9-12 20:53:13,400000,پرداخت موفق
1031,1393-10-12 13:10:14,900000,پرداخت ناموفق
1032,1393-11-15 15:35:38,200000,منقضی شد
1033,1393-12-17 14:23:25,200000,در انتظار پرداخت
1034,1394-1-20 17:39:21,500000,پرداخت موفق
1035,1394-2-17 19:56:16,900000,پرداخت موفق
1036,1394-3-13 12:41:21,100000,پرداخت ناموفق
1037,1394-4-19 14:41:37,900000,منقضی شد
1038,1394-5-11 22:27:53,300000,منقضی شد
1039,1394-6-16 21:53:27,500000,پرداخت موفق
1040,1394-7-18 17:41:55,600000,پرداخت موفق
1041,1394-8-16 18:37:41,100000,در انتظار پرداخت
1042,1394-9-19 18:19:58,700000,در انتظار پرداخت
1043,1394-10-10 23:52:43,800000,پرداخت ناموفق
1044,1394-11-13 23:32:41,500000,پرداخت موفق
1045,1394-12-19 20:10:33,400000,منقضی شد
1046,1395-1-17 15:57:22,400000,پرداخت ناموفق
1047,1395-2-16 23:14:48,400000,منقضی شد
1048,1395-3-10 13:18:43,400000,در انتظار پرداخت
1049,1395-4-13 12:46:24,800000,در انتظار پرداخت
1050,1395-5-10 21:36:23,900000,پرداخت ناموفق
1051,1395-6-18 18:54:43,900000,پرداخت موفق
1052,1395-7-18 19:33:34,800000,پرداخت ناموفق
1053,1395-8-14 14:48:34,800000,پرداخت ناموفق
1054,1395-9-13 19:59:40,100000,منقضی شد
1055,1395-10-11 19:48:39,600000,پرداخت ناموفق
1056,1395-11-16 13:21:23,400000,در انتظار پرداخت
1057,1395-12-17 12:25:50,500000,پرداخت ناموفق
1058,1396-1-10 12:59:16,300000,در انتظار پرداخت
1059,1396-2-10 23:39:41,100000,در انتظار پرداخت
1060,1396-3-20 12:15:15,400000,در انتظار پرداخت
1061,1396-4-10 19:21:41,600000,پرداخت موفق
1062,1396-5-14 12:16:55,400000,منقضی شد
1063,1396-6-20 19:47:43,500000,در انتظار پرداخت
1064,1396-7-18 15:34:46,700000,پرداخت ناموفق
1065,1396-8-19 19:17:21,200000,در انتظار پرداخت
1066,1396-9-12 13:44:18,800000,منقضی شد
1067,1396-10-16 18:35:59,900000,در انتظار پرداخت
1068,1396-11-12 17:36:16,500000,پرداخت موفق
1069,1396-12-11 16:41:14,800000,پرداخت ناموفق
1070,1397-1-14 11:16:14,800000,در انتظار پرداخت
1071,1397-2-16 21:47:42,900000,پرداخت ناموفق
1072,1397-3-11 12:24:42,300000,در انتظار پرداخت
1073,1397-4-20 21:10:42,800000,پرداخت موفق
1074,1397-5-13 13:14:14,700000,پرداخت ناموفق
1075,1397-6-12 13:41:54,600000,منقضی شد
1076,1397-7-11 13:34:27,900000,پرداخت ناموفق
1077,1397-8-18 21:31:57,500000,پرداخت موفق
1078,1397-9-15 20:19:23,800000,در انتظار پرداخت
1079,1397-10-11 22:33:53,900000,در انتظار پرداخت
1080,1397-11-14 13:15:24,500000,پرداخت ناموفق
1081,1397-12-17 22:18:23,800000,پرداخت ناموفق
1082,1398-1-11 15:39:42,300000,منقضی شد
1083,1398-2-19 15:47:14,800000,در انتظار پرداخت
1084,1398-3-10 18:56:47,900000,پرداخت ناموفق
1085,1398-4-11 17:59:25,100000,پرداخت ناموفق
1086,1398-5-14 22:54:35,200000,پرداخت ناموفق
1087,1398-6-15 20:20:51,900000,در انتظار پرداخت
1088,1398-7-17 21:47:18,900000,منقضی شد
1089,1398-8-16 18:50:49,800000,پرداخت ناموفق
1090,1398-9-19 18:21:15,200000,پرداخت موفق
1091,1398-10-11 17:44:36,500000,پرداخت موفق
1092,1398-11-13 21:33:49,500000,در انتظار پرداخت
1093,1398-12-17 10:13:18,100000,پرداخت ناموفق
1094,1399-1-11 22:31:51,600000,در انتظار پرداخت
1095,1399-2-13 12:59:30,700000,منقضی شد
1096,1399-3-17 23:35:47,700000,پرداخت ناموفق
1097,1399-4-10 19:42:12,700000,منقضی شد
1098,1399-5-14 13:25:22,100000,پرداخت ناموفق
1099,1399-6-11 11:38:38,900000,پرداخت موفق
1100,1399-7-15 19:21:12,600000,منقضی شد
1101,1399-8-10 11:50:51,100000,پرداخت ناموفق
1102,1399-9-20 16:44:44,400000,منقضی شد
1103,1399-10-10 19:57:49,400000,پرداخت ناموفق
1104,1399-11-15 18:55:47,400000,پرداخت ناموفق
1105,1399-12-10 22:23:29,100000,در انتظار پرداخت
1106,1400-1-18 15:38:38,600000,در انتظار پرداخت
1107,1400-2-15 10:41:59,500000,در انتظار پرداخت
1108,1400-3-16 16:21:22,900000,منقضی شد
1109,1400-4-19 12:19:39,500000,منقضی شد
1110,1400-5-12 16:16:12,100000,پرداخت موفق
1111,1400-6-12 16:50:18,300000,پرداخت ناموفق
1112,1400-7-18 13:34:16,300000,پرداخت موفق
1113,1400-8-15 23:58:21,600000,در انتظار پرداخت
1114,1400-9-14 10:30:32,300000,در انتظار پرداخت
1115,1400-10-11 10:25:50,200000,منقضی شد
1116,1400-11-14 15:50:19,100000,منقضی شد
1117,1400-12-10 19:43:58,600000,پرداخت موفق
1118,1401-1-11 15:53:24,200000,پرداخت موفق
1119,1394-10-19 13:24:10,600000,پرداخت موفق
1120,1394-11-11 16:26:37,800000,در انتظار پرداخت
1121,1394-12-17 14:17:28,100000,پرداخت موفق
1122,1395-1-11 15:18:47,100000,پرداخت موفق
1123,1395-2-18 12:29:56,500000,در انتظار پرداخت
1124,1395-3-12 13:29:58,100000,در انتظار پرداخت
1125,1395-4-18 19:47:59,100000,پرداخت ناموفق
1126,1395-5-19 12:10:12,900000,پرداخت موفق
1127,1395-6-13 19:22:39,200000,در انتظار پرداخت
1128,1395-7-15 23:30:26,900000,پرداخت موفق
1129,1395-8-16 10:19:24,300000,منقضی شد
1130,1395-9-13 17:29:23,300000,در انتظار پرداخت
1131,1395-10-12 22:19:38,700000,پرداخت ناموفق
1132,1395-11-11 18:18:26,400000,پرداخت موفق
1133,1395-12-10 10:14:44,600000,پرداخت موفق
1134,1396-1-16 21:15:34,700000,منقضی شد
1135,1396-2-15 21:31:33,100000,منقضی شد
1136,1396-3-20 17:44:43,700000,پرداخت ناموفق
1137,1396-4-12 20:39:41,600000,در انتظار پرداخت
1138,1396-5-19 13:29:38,500000,پرداخت ناموفق
1139,1396-6-10 21:56:38,300000,پرداخت موفق
1140,1396-7-17 15:12:16,400000,پرداخت ناموفق
1141,1396-8-16 15:31:58,500000,پرداخت ناموفق
1142,1396-9-16 23:35:19,300000,منقضی شد
1143,1396-10-18 21:18:49,800000,در انتظار پرداخت
1144,1396-11-14 13:46:14,300000,منقضی شد
1145,1396-12-13 15:57:32,100000,منقضی شد
1146,1397-1-16 13:38:47,200000,منقضی شد
1147,1397-2-19 18:23:15,300000,منقضی شد
1148,1397-3-18 19:33:37,500000,در انتظار پرداخت
1149,1397-4-12 21:47:57,900000,منقضی شد
1150,1397-5-11 12:23:24,300000,پرداخت ناموفق
1151,1397-6-11 11:52:25,300000,در انتظار پرداخت
1152,1397-7-14 19:18:49,500000,پرداخت ناموفق
1153,1397-8-18 11:59:42,900000,پرداخت موفق
1154,1397-9-16 21:32:35,800000,پرداخت ناموفق
1155,1397-10-15 16:22:30,700000,پرداخت موفق
1156,1397-11-18 20:33:55,500000,منقضی شد
1157,1397-12-14 12:29:28,700000,منقضی شد
1158,1398-1-18 20:29:37,700000,منقضی شد
1159,1398-2-15 23:18:25,200000,منقضی شد
1160,1398-3-20 10:54:51,200000,در انتظار پرداخت
1161,1398-4-18 19:25:16,300000,پرداخت موفق
1162,1398-5-16 11:16:28,100000,پرداخت موفق
1163,1398-6-14 16:42:37,500000,منقضی شد
1164,1398-7-18 19:53:39,300000,در انتظار پرداخت
1165,1398-8-17 19:58:43,900000,در انتظار پرداخت
1166,1398-9-16 15:28:40,700000,پرداخت موفق
1167,1398-10-18 15:40:29,200000,منقضی شد
1168,1398-11-20 13:24:27,600000,پرداخت ناموفق
1169,1398-12-19 14:10:36,900000,پرداخت ناموفق
1170,1399-1-10 22:35:33,200000,پرداخت موفق
1171,1399-2-20 20:21:59,400000,پرداخت ناموفق
1172,1399-3-16 16:50:39,800000,پرداخت موفق
1173,1399-4-17 11:41:37,900000,پرداخت ناموفق
1174,1399-5-10 20:37:34,800000,پرداخت ناموفق
1175,1399-6-12 19:54:46,700000,منقضی شد
1176,1399-7-15 14:41:39,800000,منقضی شد
1177,1399-8-16 10:37:35,900000,پرداخت موفق
1178,1399-9-16 17:10:48,900000,پرداخت موفق
1179,1399-10-16 10:25:42,200000,پرداخت ناموفق
1180,1399-11-10 15:16:45,300000,در انتظار پرداخت
1181,1399-12-13 15:39:16,900000,در انتظار پرداخت
1182,1400-1-16 21:50:57,100000,پرداخت ناموفق
1183,1400-2-14 17:19:15,200000,پرداخت ناموفق
1184,1400-3-14 20:11:11,900000,پرداخت ناموفق
1185,1400-4-16 12:48:38,100000,پرداخت ناموفق
1186,1400-5-12 15:53:24,600000,پرداخت موفق
1187,1400-6-15 13:25:31,600000,پرداخت ناموفق
1188,1400-7-16 13:14:30,700000,پرداخت ناموفق
1189,1400-8-18 10:29:30,600000,پرداخت موفق
1190,1400-9-12 23:23:55,700000,پرداخت موفق
1191,1400-10-20 11:12:52,200000,پرداخت موفق
1192,1400-11-19 20:20:20,400000,پرداخت ناموفق
1193,1400-12-12 19:56:43,200000,پرداخت موفق
1194,1401-1-10 10:30:11,300000,پرداخت ناموفق
1195,1391-2-13 16:22:30,500000,منقضی شد
1196,1391-3-19 12:51:55,400000,منقضی شد
1197,1391-4-17 14:22:57,500000,پرداخت ناموفق
1198,1391-5-10 16:33:48,700000,در انتظار پرداخت
1199,1391-6-14 19:55:49,600000,پرداخت ناموفق
1200,1391-7-13 10:36:43,700000,در انتظار پرداخت
1201,1391-8-18 21:44:53,800000,منقضی شد
1202,1391-9-19 12:13:23,800000,پرداخت ناموفق
1203,1391-10-11 14:28:56,500000,پرداخت موفق
1204,1391-11-18 23:19:27,500000,پرداخت موفق
1205,1391-12-15 10:16:36,200000,پرداخت موفق
1206,1392-1-13 10:27:33,400000,پرداخت ناموفق
1207,1392-2-19 10:35:53,900000,پرداخت ناموفق
1208,1392-3-16 12:57:41,100000,پرداخت موفق
1209,1392-4-19 11:43:41,300000,پرداخت موفق
1210,1392-5-13 13:50:27,600000,پرداخت موفق
1211,1392-6-12 21:18:17,600000,در انتظار پرداخت
1212,1392-7-11 17:35:23,200000,پرداخت ناموفق
1213,1392-8-18 16:41:24,500000,در انتظار پرداخت
1214,1392-9-10 19:33:45,600000,پرداخت ناموفق
1215,1392-10-19 11:58:22,600000,منقضی شد
1216,1392-11-16 13:52:21,600000,پرداخت ناموفق
1217,1392-12-12 16:27:34,300000,پرداخت موفق
1218,1393-1-10 10:43:31,600000,منقضی شد
1219,1393-2-17 14:43:34,300000,پرداخت موفق
1220,1393-3-18 11:40:51,900000,پرداخت موفق
1221,1393-4-10 23:44:24,900000,منقضی شد
1222,1393-5-16 22:33:40,400000,پرداخت ناموفق
1223,1393-6-12 20:11:49,900000,در انتظار پرداخت
1224,1393-7-13 15:39:11,900000,منقضی شد
1225,1393-8-17 14:35:45,800000,منقضی شد
1226,1393-9-20 10:40:29,200000,پرداخت ناموفق
1227,1393-10-12 17:57:39,600000,پرداخت موفق
1228,1393-11-17 20:56:15,200000,منقضی شد
1229,1393-12-14 20:49:45,400000,پرداخت موفق
1230,1394-1-16 22:42:28,800000,پرداخت ناموفق
1231,1394-2-11 18:51:57,200000,در انتظار پرداخت
1232,1394-3-11 15:48:51,400000,در انتظار پرداخت
1233,1394-4-16 22:20:30,100000,در انتظار پرداخت
1234,1394-5-17 19:11:35,300000,در انتظار پرداخت
1235,1394-6-16 15:17:50,600000,در انتظار پرداخت
1236,1394-7-20 10:31:59,100000,منقضی شد
1237,1394-8-19 16:11:58,400000,پرداخت ناموفق
1238,1394-9-20 11:33:25,500000,در انتظار پرداخت
1239,1394-10-12 17:35:23,700000,پرداخت ناموفق
1240,1394-11-11 14:14:45,400000,منقضی شد
1241,1394-12-17 21:47:32,100000,در انتظار پرداخت
1242,1395-1-15 19:12:12,900000,در انتظار پرداخت
1243,1395-2-20 18:49:56,300000,منقضی شد
1244,1395-3-18 10:20:55,700000,پرداخت ناموفق
1245,1395-4-17 22:32:19,400000,پرداخت موفق
1246,1395-5-15 12:31:16,300000,پرداخت موفق
1247,1395-6-15 22:15:21,100000,در انتظار پرداخت
1248,1395-7-20 16:19:35,100000,منقضی شد
1249,1395-8-11 13:31:31,700000,پرداخت موفق
1250,1395-9-12 19:20:47,300000,منقضی شد
1251,1395-10-20 16:51:48,100000,پرداخت ناموفق
1252,1395-11-15 18:12:13,700000,در انتظار پرداخت
1253,1395-12-15 19:46:24,500000,در انتظار پرداخت
1254,1396-1-16 11:43:40,900000,منقضی شد
1255,1396-2-13 17:15:59,800000,پرداخت ناموفق
1256,1396-3-16 16:17:23,400000,منقضی شد
1257,1396-4-16 10:12:47,300000,منقضی شد
1258,1396-5-17 21:30:44,400000,پرداخت موفق
1259,1396-6-13 17:35:34,200000,منقضی شد
1260,1396-7-20 18:55:42,800000,پرداخت موفق
1261,1396-8-17 16:51:55,100000,منقضی شد
1262,1396-9-16 16:47:16,600000,پرداخت موفق
1263,1396-10-12 10:27:11,600000,منقضی شد
1264,1396-11-14 14:19:59,500000,پرداخت موفق
1265,1396-12-13 22:23:44,200000,پرداخت موفق
1266,1397-1-20 21:54:57,600000,پرداخت ناموفق
1267,1397-2-17 16:26:52,700000,منقضی شد
1268,1397-3-15 17:15:46,300000,پرداخت ناموفق
1269,1397-4-11 11:53:29,900000,پرداخت ناموفق
1270,1397-5-20 22:14:16,300000,منقضی شد
1271,1397-6-15 21:37:45,700000,پرداخت ناموفق
1272,1397-7-17 17:41:17,200000,پرداخت ناموفق
1273,1397-8-10 23:54:50,700000,در انتظار پرداخت
1274,1397-9-12 11:17:17,700000,در انتظار پرداخت
1275,1397-10-20 10:58:48,700000,منقضی شد
1276,1397-11-11 22:18:47,400000,پرداخت ناموفق
1277,1397-12-11 18:32:28,500000,منقضی شد
1278,1398-1-17 16:47:43,300000,منقضی شد
1279,1398-2-17 21:22:42,800000,منقضی شد
1280,1398-3-13 13:11:35,600000,پرداخت موفق
1281,1398-4-15 17:57:15,900000,پرداخت موفق
1282,1398-5-10 22:23:34,600000,پرداخت موفق
1283,1398-6-17 12:31:47,300000,منقضی شد
1284,1398-7-10 20:30:25,600000,پرداخت ناموفق
1285,1398-8-10 10:43:48,800000,پرداخت موفق
1286,1398-9-17 10:44:16,300000,پرداخت ناموفق
1287,1398-10-12 18:45:48,700000,پرداخت موفق
1288,1398-11-15 12:29:25,400000,پرداخت ناموفق
1289,1398-12-14 15:30:12,300000,در انتظار پرداخت
1290,1399-1-19 16:33:53,300000,پرداخت موفق
1291,1399-2-20 13:20:40,300000,پرداخت ناموفق
1292,1399-3-16 18:42:41,100000,پرداخت ناموفق
1293,1399-4-19 19:12:56,400000,در انتظار پرداخت
1294,1399-5-17 12:51:48,700000,منقضی شد
1295,1399-6-18 17:41:12,400000,پرداخت ناموفق
1296,1399-7-17 15:33:19,500000,پرداخت ناموفق
1297,1399-8-20 20:45:22,100000,منقضی شد
1298,1399-9-19 21:18:41,300000,منقضی شد
1299,1399-10-16 13:14:49,600000,پرداخت ناموفق
1300,1399-11-18 17:42:22,300000,پرداخت موفق
1301,1399-12-13 14:30:35,300000,پرداخت ناموفق
1302,1400-1-12 20:13:38,500000,پرداخت موفق
1303,1400-2-14 16:25:45,500000,پرداخت ناموفق
1304,1400-3-12 20:22:35,200000,منقضی شد
1305,1400-4-15 11:23:21,400000,منقضی شد
1306,1400-5-14 23:49:57,400000,پرداخت ناموفق
1307,1400-6-18 19:24:51,800000,پرداخت موفق
1308,1400-7-19 11:18:11,800000,در انتظار پرداخت
1309,1400-8-18 23:22:36,100000,پرداخت ناموفق
1310,1400-9-10 20:52:24,400000,پرداخت موفق
1311,1400-10-16 22:22:29,200000,پرداخت ناموفق
1312,1400-11-10 17:52:56,500000,پرداخت ناموفق
1313,1400-12-14 19:37:35,800000,منقضی شد
1314,1401-1-11 13:52:42,900000,در انتظار پرداخت
1315,1391-2-12 12:24:22,900000,پرداخت موفق
1316,1391-3-17 11:15:47,900000,پرداخت ناموفق
1317,1391-4-20 14:53:53,900000,پرداخت ناموفق
1318,1391-5-15 23:10:27,100000,پرداخت موفق
1319,1391-6-11 20:53:47,700000,منقضی شد
1320,1391-7-14 13:16:16,700000,منقضی شد
1321,1391-8-15 19:34:12,200000,پرداخت ناموفق
1322,1391-9-14 11:50:27,700000,پرداخت موفق
1323,1391-10-18 17:31:15,900000,پرداخت ناموفق
1324,1391-11-20 20:25:25,400000,در انتظار پرداخت
1325,1391-12-10 12:40:39,800000,منقضی شد
1326,1392-1-19 15:55:26,700000,منقضی شد
1327,1392-2-18 13:25:13,500000,پرداخت ناموفق
1328,1392-3-15 23:58:25,200000,در انتظار پرداخت
1329,1392-4-12 21:12:12,600000,پرداخت ناموفق
1330,1392-5-16 17:17:44,600000,در انتظار پرداخت
1331,1392-6-13 11:59:52,500000,منقضی شد
1332,1392-7-13 12:53:22,600000,پرداخت ناموفق
1333,1392-8-10 20:30:35,600000,منقضی شد
1334,1392-9-17 23:37:39,200000,پرداخت موفق
1335,1392-10-18 13:41:16,100000,در انتظار پرداخت
1336,1392-11-11 10:29:17,300000,در انتظار پرداخت
1337,1392-12-20 13:35:22,700000,پرداخت موفق
1338,1393-1-11 19:51:27,700000,پرداخت ناموفق
1339,1393-2-13 11:31:15,500000,پرداخت ناموفق
1340,1393-3-16 13:34:52,800000,پرداخت موفق
1341,1393-4-20 23:30:55,700000,پرداخت ناموفق
1342,1393-5-12 16:23:50,100000,منقضی شد
1343,1393-6-14 19:52:33,300000,پرداخت موفق
1344,1393-7-11 16:51:37,800000,منقضی شد
1345,1393-8-14 14:31:39,700000,منقضی شد
1346,1393-9-19 19:33:16,900000,در انتظار پرداخت
1347,1393-10-15 11:29:19,100000,در انتظار پرداخت
1348,1393-11-12 23:36:24,700000,پرداخت موفق
1349,1393-12-17 11:21:33,900000,منقضی شد
1350,1394-1-13 11:29:22,300000,در انتظار پرداخت
1351,1394-2-20 13:35:45,700000,در انتظار پرداخت
1352,1394-3-14 14:11:40,100000,در انتظار پرداخت
1353,1394-4-14 21:57:11,500000,منقضی شد
1354,1394-5-10 10:54:16,100000,در انتظار پرداخت
1355,1394-6-16 15:39:19,300000,در انتظار پرداخت
1356,1394-7-14 12:10:20,500000,پرداخت موفق
1357,1394-8-16 19:52:40,700000,پرداخت ناموفق
1358,1394-9-13 18:49:31,500000,منقضی شد
1359,1394-10-10 17:25:11,100000,پرداخت ناموفق
1360,1394-11-20 11:46:10,900000,در انتظار پرداخت
1361,1394-12-13 12:57:32,600000,پرداخت ناموفق
1362,1395-1-10 10:35:27,900000,در انتظار پرداخت
1363,1395-2-17 21:37:54,900000,در انتظار پرداخت
1364,1395-3-11 11:37:47,600000,منقضی شد
1365,1395-4-19 10:50:46,900000,در انتظار پرداخت
1366,1395-5-14 17:34:36,900000,پرداخت ناموفق
1367,1395-6-14 15:45:36,900000,پرداخت ناموفق
1368,1395-7-17 17:32:40,200000,پرداخت موفق
1369,1395-8-20 18:52:17,400000,در انتظار پرداخت
1370,1395-9-10 18:41:46,700000,پرداخت موفق
1371,1395-10-14 15:37:52,900000,منقضی شد
1372,1395-11-14 14:57:31,300000,در انتظار پرداخت
1373,1395-12-17 18:38:11,200000,پرداخت ناموفق
1374,1396-1-18 19:32:33,800000,منقضی شد
1375,1396-2-20 12:18:32,900000,پرداخت موفق
1376,1396-3-20 22:57:15,300000,در انتظار پرداخت
1377,1396-4-14 16:19:51,400000,منقضی شد
1378,1396-5-11 21:35:20,100000,پرداخت موفق
1379,1396-6-12 15:55:37,400000,در انتظار پرداخت
1380,1396-7-15 22:31:43,500000,پرداخت موفق
1381,1396-8-20 14:18:33,200000,پرداخت موفق
1382,1396-9-15 22:24:39,300000,پرداخت موفق
1383,1396-10-19 17:29:15,700000,در انتظار پرداخت
1384,1396-11-12 23:43:30,100000,پرداخت موفق
1385,1396-12-16 19:32:19,800000,در انتظار پرداخت
1386,1397-1-10 17:28:21,100000,پرداخت ناموفق
1387,1397-2-13 15:54:40,900000,پرداخت ناموفق
1388,1397-3-12 23:22:29,900000,در انتظار پرداخت
1389,1397-4-14 18:17:26,900000,پرداخت ناموفق
1390,1397-5-11 16:24:58,700000,پرداخت موفق
1391,1397-6-14 13:46:14,800000,منقضی شد
1392,1397-7-15 11:16:14,200000,منقضی شد
1393,1397-8-18 22:13:56,100000,در انتظار پرداخت
1394,1397-9-12 22:25:34,900000,پرداخت ناموفق
1395,1397-10-16 13:55:48,300000,پرداخت ناموفق
1396,1397-11-13 13:56:24,100000,پرداخت ناموفق
1397,1397-12-17 15:29:39,400000,پرداخت ناموفق
1398,1398-1-13 23:59:59,300000,پرداخت ناموفق
1399,1398-2-19 12:25:49,100000,پرداخت ناموفق
1400,1398-3-18 11:31:32,900000,پرداخت موفق
1401,1398-4-12 13:37:20,100000,پرداخت ناموفق
1402,1398-5-15 14:45:51,800000,در انتظار پرداخت
1403,1398-6-20 12:53:37,700000,در انتظار پرداخت
1404,1398-7-13 13:50:45,900000,پرداخت ناموفق
1405,1398-8-13 10:38:51,900000,در انتظار پرداخت
1406,1398-9-16 22:15:33,100000,پرداخت موفق
1407,1398-10-18 10:49:59,300000,منقضی شد
1408,1398-11-19 12:52:36,400000,در انتظار پرداخت
1409,1398-12-20 21:47:48,800000,پرداخت موفق
1410,1399-1-20 14:43:48,300000,منقضی شد
1411,1399-2-14 10:33:51,400000,منقضی شد
1412,1399-3-16 19:22:18,700000,در انتظار پرداخت
1413,1399-4-15 14:55:40,500000,پرداخت موفق
1414,1399-5-11 18:19:45,400000,منقضی شد
1415,1399-6-13 11:53:41,600000,پرداخت موفق
1416,1399-7-10 19:43:48,200000,منقضی شد
1417,1399-8-11 20:11:47,900000,منقضی شد
1418,1399-9-10 22:13:19,300000,پرداخت ناموفق
1419,1399-10-20 21:49:21,700000,منقضی شد
1420,1399-11-16 23:29:47,200000,در انتظار پرداخت
1421,1399-12-12 15:40:17,700000,پرداخت موفق
1422,1400-1-13 13:46:34,700000,در انتظار پرداخت
1423,1400-2-19 16:44:35,100000,منقضی شد
1424,1400-3-11 13:46:38,900000,پرداخت ناموفق
1425,1400-4-10 22:31:32,500000,منقضی شد
1426,1400-5-20 19:25:39,800000,در انتظار پرداخت
1427,1400-6-17 22:37:27,200000,پرداخت موفق
1428,1400-7-14 21:38:16,700000,پرداخت ناموفق
1429,1400-8-17 11:52:32,900000,در انتظار پرداخت
1430,1400-9-11 10:15:30,100000,پرداخت ناموفق
1431,1400-10-12 20:51:43,500000,پرداخت ناموفق
1432,1400-11-14 10:12:48,300000,منقضی شد
1433,1400-12-13 12:54:24,100000,در انتظار پرداخت
1434,1401-1-19 21:11:17,500000,در انتظار پرداخت
1435,1389-2-19 13:54:16,800000,پرداخت ناموفق
1436,1389-3-17 20:59:46,300000,پرداخت ناموفق
1437,1389-4-16 11:27:14,400000,پرداخت ناموفق
1438,1389-5-18 22:47:25,400000,منقضی شد
1439,1389-6-13 23:48:59,500000,پرداخت موفق
1440,1389-7-12 11:24:58,300000,در انتظار پرداخت
1441,1389-8-16 23:55:27,100000,پرداخت ناموفق
1442,1389-9-15 17:22:28,600000,پرداخت ناموفق
1443,1389-10-15 10:35:46,200000,پرداخت موفق
1444,1389-11-16 14:33:50,200000,در انتظار پرداخت
1445,1389-12-15 15:21:45,800000,در انتظار پرداخت
1446,1390-1-16 21:10:10,300000,پرداخت موفق
1447,1390-2-16 14:15:20,600000,در انتظار پرداخت
1448,1390-3-16 18:37:45,700000,در انتظار پرداخت
1449,1390-4-10 23:52:49,400000,پرداخت ناموفق
1450,1390-5-11 15:16:46,200000,در انتظار پرداخت
1451,1390-6-15 13:44:32,200000,پرداخت موفق
1452,1390-7-14 21:59:57,900000,در انتظار پرداخت
1453,1390-8-18 15:40:13,100000,پرداخت موفق
1454,1390-9-20 16:43:46,800000,منقضی شد
1455,1390-10-15 14:21:17,700000,پرداخت موفق
1456,1390-11-16 18:44:27,300000,پرداخت موفق
1457,1390-12-19 18:17:38,200000,پرداخت موفق
1458,1391-1-14 21:48:26,400000,در انتظار پرداخت
1459,1391-2-14 12:44:35,600000,منقضی شد
1460,1391-3-13 18:30:23,800000,پرداخت ناموفق
1461,1391-4-13 22:38:22,200000,پرداخت ناموفق
1462,1391-5-15 17:15:25,600000,پرداخت ناموفق
1463,1391-6-18 11:30:43,600000,پرداخت ناموفق
1464,1391-7-17 19:33:43,900000,پرداخت موفق
1465,1391-8-20 13:58:25,300000,پرداخت ناموفق
1466,1391-9-19 10:37:32,700000,پرداخت موفق
1467,1391-10-20 16:20:39,400000,پرداخت موفق
1468,1391-11-16 21:19:34,600000,پرداخت موفق
1469,1391-12-16 20:40:49,200000,پرداخت ناموفق
1470,1392-1-10 14:50:33,600000,پرداخت موفق
1471,1392-2-15 12:34:37,700000,پرداخت موفق
1472,1392-3-18 14:55:12,500000,منقضی شد
1473,1392-4-17 12:59:45,300000,در انتظار پرداخت
1474,1392-5-20 12:39:18,100000,پرداخت ناموفق
1475,1392-6-16 17:51:28,300000,در انتظار پرداخت
1476,1392-7-14 14:54:27,600000,پرداخت موفق
1477,1392-8-10 11:25:31,700000,منقضی شد
1478,1392-9-18 23:39:10,700000,منقضی شد
1479,1392-10-16 22:40:24,200000,پرداخت ناموفق
1480,1392-11-15 12:33:28,100000,منقضی شد
1481,1392-12-20 11:18:12,100000,پرداخت ناموفق
1482,1393-1-13 23:42:26,100000,منقضی شد
1483,1393-2-19 14:29:57,700000,منقضی شد
1484,1393-3-19 14:34:41,900000,پرداخت موفق
1485,1393-4-19 10:50:42,400000,منقضی شد
1486,1393-5-14 21:28:51,900000,پرداخت موفق
1487,1393-6-18 17:45:21,500000,پرداخت موفق
1488,1393-7-10 15:41:33,800000,پرداخت موفق
1489,1393-8-10 19:40:18,600000,پرداخت ناموفق
1490,1393-9-16 23:47:22,800000,پرداخت موفق
1491,1393-10-20 12:16:23,200000,پرداخت موفق
1492,1393-11-10 23:50:16,400000,در انتظار پرداخت
1493,1393-12-15 13:15:26,900000,در انتظار پرداخت
1494,1394-1-19 10:49:49,400000,پرداخت ناموفق
1495,1394-2-15 20:56:37,200000,پرداخت ناموفق
1496,1394-3-14 16:45:28,800000,پرداخت ناموفق
1497,1394-4-11 10:11:45,400000,پرداخت موفق
1498,1394-5-17 15:37:28,600000,پرداخت ناموفق
1499,1394-6-16 16:39:53,300000,پرداخت ناموفق
1500,1394-7-17 11:37:35,300000,منقضی شد
1501,1394-8-12 18:14:39,200000,در انتظار پرداخت
1502,1394-9-13 19:18:11,100000,منقضی شد
1503,1394-10-14 16:49:20,500000,در انتظار پرداخت
1504,1394-11-12 20:38:54,900000,پرداخت ناموفق
1505,1394-12-12 23:20:37,900000,پرداخت موفق
1506,1395-1-12 14:48:12,600000,پرداخت موفق
1507,1395-2-16 16:42:18,200000,پرداخت ناموفق
1508,1395-3-19 13:37:12,700000,منقضی شد
1509,1395-4-14 10:58:10,300000,پرداخت موفق
1510,1395-5-15 23:28:25,500000,منقضی شد
1511,1395-6-10 20:37:39,900000,پرداخت موفق
1512,1395-7-13 18:16:12,100000,پرداخت ناموفق
1513,1395-8-12 16:36:59,300000,منقضی شد
1514,1395-9-10 17:16:25,900000,در انتظار پرداخت
1515,1395-10-19 20:55:17,700000,پرداخت ناموفق
1516,1395-11-13 21:36:21,900000,پرداخت موفق
1517,1395-12-18 22:26:42,400000,پرداخت موفق
1518,1396-1-10 15:56:55,600000,در انتظار پرداخت
1519,1396-2-14 22:49:22,700000,پرداخت موفق
1520,1396-3-15 15:40:17,600000,پرداخت ناموفق
1521,1396-4-20 21:11:18,300000,در انتظار پرداخت
1522,1396-5-20 14:28:50,700000,در انتظار پرداخت
1523,1396-6-16 19:37:32,900000,در انتظار پرداخت
1524,1396-7-20 18:46:24,700000,پرداخت موفق
1525,1396-8-14 20:31:40,700000,پرداخت موفق
1526,1396-9-20 11:37:45,300000,منقضی شد
1527,1396-10-12 20:18:31,800000,پرداخت موفق
1528,1396-11-15 18:41:38,700000,منقضی شد
1529,1396-12-20 23:15:32,400000,پرداخت ناموفق
1530,1397-1-18 20:18:33,800000,پرداخت ناموفق
1531,1397-2-10 10:46:54,100000,منقضی شد
1532,1397-3-12 23:18:59,600000,منقضی شد
1533,1397-4-13 11:11:57,400000,پرداخت ناموفق
1534,1397-5-16 16:42:51,500000,پرداخت موفق
1535,1397-6-11 19:29:42,500000,در انتظار پرداخت
1536,1397-7-20 19:21:25,400000,منقضی شد
1537,1397-8-13 21:41:25,500000,پرداخت ناموفق
1538,1397-9-20 14:11:10,100000,پرداخت ناموفق
1539,1397-10-19 23:31:41,300000,پرداخت ناموفق
1540,1397-11-19 22:31:45,800000,پرداخت ناموفق
1541,1397-12-13 20:52:42,100000,منقضی شد
1542,1398-1-15 13:25:51,100000,پرداخت ناموفق
1543,1398-2-17 11:19:12,600000,منقضی شد
1544,1398-3-17 17:50:14,700000,پرداخت ناموفق
1545,1398-4-11 12:28:32,100000,پرداخت موفق
1546,1398-5-20 14:46:59,800000,پرداخت ناموفق
1547,1398-6-15 23:59:54,200000,پرداخت ناموفق
1548,1398-7-14 19:39:52,800000,پرداخت موفق
1549,1398-8-15 18:51:20,600000,در انتظار پرداخت
1550,1398-9-16 10:37:43,500000,در انتظار پرداخت
1551,1398-10-19 13:11:17,900000,پرداخت موفق
1552,1398-11-14 15:12:40,800000,پرداخت ناموفق
1553,1398-12-13 15:33:11,200000,پرداخت ناموفق
1554,1399-1-13 15:28:25,500000,منقضی شد
1555,1399-2-10 13:17:10,500000,منقضی شد
1556,1399-3-19 17:32:45,900000,در انتظار پرداخت
1557,1399-4-15 22:32:50,500000,پرداخت ناموفق
1558,1399-5-18 16:33:13,200000,در انتظار پرداخت
1559,1399-6-11 19:15:47,400000,منقضی شد
1560,1399-7-16 22:32:26,300000,در انتظار پرداخت
1561,1399-8-19 21:47:25,800000,پرداخت موفق
1562,1399-9-10 17:29:26,700000,پرداخت موفق
1563,1399-10-18 23:21:41,200000,منقضی شد
1564,1399-11-14 16:25:28,200000,در انتظار پرداخت
1565,1399-12-19 12:19:50,900000,منقضی شد
1566,1400-1-20 11:22:33,800000,پرداخت ناموفق
1567,1400-2-13 10:37:26,400000,پرداخت ناموفق
1568,1400-3-10 19:35:21,500000,منقضی شد
1569,1400-4-10 20:18:25,900000,پرداخت ناموفق
1570,1400-5-18 23:22:52,500000,منقضی شد
1571,1400-6-13 11:59:40,800000,پرداخت ناموفق
1572,1400-7-15 14:30:27,900000,پرداخت ناموفق
1573,1400-8-18 20:15:45,200000,پرداخت ناموفق
1574,1400-9-17 15:49:28,800000,در انتظار پرداخت
1575,1400-10-20 13:11:21,300000,منقضی شد
1576,1400-11-18 22:29:11,500000,پرداخت موفق
1577,1400-12-12 14:58:33,100000,منقضی شد
1578,1401-1-12 22:47:12,600000,در انتظار پرداخت
1579,1398-8-15 20:59:17,700000,پرداخت ناموفق
1580,1398-9-17 10:53:45,200000,در انتظار پرداخت
1581,1398-10-13 16:29:32,400000,در انتظار پرداخت
1582,1398-11-19 22:29:42,100000,پرداخت ناموفق
1583,1398-12-19 16:39:12,200000,منقضی شد
1584,1399-1-19 13:29:25,900000,پرداخت ناموفق
1585,1399-2-14 13:36:20,800000,پرداخت ناموفق
1586,1399-3-15 20:23:17,800000,پرداخت موفق
1587,1399-4-12 21:35:51,600000,منقضی شد
1588,1399-5-14 20:12:53,300000,در انتظار پرداخت
1589,1399-6-16 18:55:21,400000,پرداخت موفق
1590,1399-7-17 23:46:29,500000,پرداخت ناموفق
1591,1399-8-17 23:17:20,200000,منقضی شد
1592,1399-9-16 14:20:41,100000,پرداخت موفق
1593,1399-10-13 18:55:28,100000,پرداخت ناموفق
1594,1399-11-14 20:30:27,700000,پرداخت ناموفق
1595,1399-12-13 20:20:51,200000,منقضی شد
1596,1400-1-11 21:27:44,900000,پرداخت موفق
1597,1400-2-18 17:24:31,600000,پرداخت ناموفق
1598,1400-3-17 13:40:49,200000,منقضی شد
1599,1400-4-20 14:20:17,600000,پرداخت ناموفق
1600,1400-5-12 20:30:34,300000,در انتظار پرداخت
1601,1400-6-10 14:44:11,300000,منقضی شد
1602,1400-7-18 23:35:21,700000,پرداخت موفق
1603,1400-8-14 11:19:26,100000,پرداخت ناموفق
1604,1400-9-10 14:20:32,900000,پرداخت موفق
1605,1400-10-10 11:52:44,300000,منقضی شد
1606,1400-11-15 11:56:26,200000,منقضی شد
1607,1400-12-16 22:24:16,300000,پرداخت ناموفق
1608,1401-1-18 17:17:47,400000,منقضی شد
1609,1391-2-13 15:58:39,300000,پرداخت ناموفق
1610,1391-3-16 14:15:57,800000,در انتظار پرداخت
1611,1391-4-18 20:44:18,700000,منقضی شد
1612,1391-5-10 14:52:49,100000,منقضی شد
1613,1391-6-11 12:42:56,100000,در انتظار پرداخت
1614,1391-7-12 15:54:30,500000,پرداخت موفق
1615,1391-8-16 16:41:32,400000,پرداخت ناموفق
1616,1391-9-14 10:49:30,900000,در انتظار پرداخت
1617,1391-10-19 10:48:13,300000,پرداخت ناموفق
1618,1391-11-15 23:39:32,400000,در انتظار پرداخت
1619,1391-12-17 20:51:57,500000,در انتظار پرداخت
1620,1392-1-11 11:49:22,900000,منقضی شد
1621,1392-2-15 19:54:22,100000,پرداخت ناموفق
1622,1392-3-10 23:17:49,100000,پرداخت موفق
1623,1392-4-13 22:36:45,400000,در انتظار پرداخت
1624,1392-5-13 11:22:19,900000,منقضی شد
1625,1392-6-10 12:32:20,400000,پرداخت ناموفق
1626,1392-7-12 20:52:11,300000,پرداخت ناموفق
1627,1392-8-19 23:48:56,800000,منقضی شد
1628,1392-9-12 13:59:41,700000,پرداخت ناموفق
1629,1392-10-14 11:58:15,400000,در انتظار پرداخت
1630,1392-11-14 10:59:19,900000,در انتظار پرداخت
1631,1392-12-10 16:52:26,600000,پرداخت موفق
1632,1393-1-13 19:41:19,900000,پرداخت موفق
1633,1393-2-15 21:54:47,200000,پرداخت ناموفق
1634,1393-3-11 21:33:41,400000,منقضی شد
1635,1393-4-10 11:10:20,500000,پرداخت موفق
1636,1393-5-17 16:47:17,100000,پرداخت ناموفق
1637,1393-6-18 18:37:18,300000,پرداخت ناموفق
1638,1393-7-10 17:43:14,400000,پرداخت موفق
1639,1393-8-10 20:15:32,800000,پرداخت ناموفق
1640,1393-9-12 12:55:43,300000,در انتظار پرداخت
1641,1393-10-10 22:43:45,300000,در انتظار پرداخت
1642,1393-11-17 14:52:11,300000,پرداخت ناموفق
1643,1393-12-20 18:58:32,300000,در انتظار پرداخت
1644,1394-1-18 23:49:46,300000,پرداخت ناموفق
1645,1394-2-14 17:59:42,900000,پرداخت ناموفق
1646,1394-3-17 13:40:44,900000,پرداخت ناموفق
1647,1394-4-18 18:44:19,200000,پرداخت ناموفق
1648,1394-5-16 12:18:58,400000,در انتظار پرداخت
1649,1394-6-12 23:19:55,100000,پرداخت ناموفق
1650,1394-7-18 19:59:48,800000,پرداخت ناموفق
1651,1394-8-14 22:49:38,100000,پرداخت ناموفق
1652,1394-9-11 20:11:37,100000,پرداخت ناموفق
1653,1394-10-14 10:19:26,400000,پرداخت ناموفق
1654,1394-11-11 10:51:51,900000,منقضی شد
1655,1394-12-12 10:44:21,400000,پرداخت ناموفق
1656,1395-1-20 14:18:21,100000,منقضی شد
1657,1395-2-20 21:40:59,400000,منقضی شد
1658,1395-3-12 11:56:13,500000,در انتظار پرداخت
1659,1395-4-14 13:17:40,600000,پرداخت ناموفق
1660,1395-5-18 20:33:59,900000,در انتظار پرداخت
1661,1395-6-11 13:14:13,700000,منقضی شد
1662,1395-7-12 16:37:15,900000,پرداخت موفق
1663,1395-8-15 12:18:16,500000,در انتظار پرداخت
1664,1395-9-11 10:18:21,400000,پرداخت ناموفق
1665,1395-10-17 13:35:34,300000,منقضی شد
1666,1395-11-13 21:54:59,500000,پرداخت موفق
1667,1395-12-20 12:39:53,100000,پرداخت موفق
1668,1396-1-11 19:15:23,300000,پرداخت موفق
1669,1396-2-14 12:50:52,600000,پرداخت موفق
1670,1396-3-19 18:37:38,100000,پرداخت ناموفق
1671,1396-4-15 12:39:47,300000,پرداخت موفق
1672,1396-5-10 19:43:55,400000,پرداخت موفق
1673,1396-6-19 19:38:43,500000,در انتظار پرداخت
1674,1396-7-18 22:47:31,600000,پرداخت ناموفق
1675,1396-8-20 18:57:49,100000,در انتظار پرداخت
1676,1396-9-14 22:38:30,300000,منقضی شد
1677,1396-10-12 11:25:33,400000,منقضی شد
1678,1396-11-11 15:15:32,100000,در انتظار پرداخت
1679,1396-12-15 12:50:25,400000,منقضی شد
1680,1397-1-12 21:28:53,100000,منقضی شد
1681,1397-2-18 10:33:29,100000,منقضی شد
1682,1397-3-15 23:11:47,300000,پرداخت موفق
1683,1397-4-18 14:56:24,500000,منقضی شد
1684,1397-5-13 14:55:19,400000,پرداخت ناموفق
1685,1397-6-16 10:53:59,800000,منقضی شد
1686,1397-7-10 21:29:22,700000,در انتظار پرداخت
1687,1397-8-19 15:11:26,900000,پرداخت موفق
1688,1397-9-16 18:59:57,800000,در انتظار پرداخت
1689,1397-10-12 13:34:35,400000,پرداخت ناموفق
1690,1397-11-13 13:20:36,200000,پرداخت ناموفق
1691,1397-12-16 11:24:22,700000,منقضی شد
1692,1398-1-13 14:47:28,400000,پرداخت موفق
1693,1398-2-10 12:27:11,100000,در انتظار پرداخت
1694,1398-3-11 22:38:25,100000,در انتظار پرداخت
1695,1398-4-16 12:26:40,200000,پرداخت ناموفق
1696,1398-5-11 21:56:21,200000,پرداخت ناموفق
1697,1398-6-16 20:22:17,300000,در انتظار پرداخت
1698,1398-7-10 11:21:49,600000,منقضی شد
1699,1398-8-11 21:11:24,400000,در انتظار پرداخت
1700,1398-9-16 13:44:43,200000,منقضی شد
1701,1398-10-13 15:53:45,600000,منقضی شد
1702,1398-11-18 12:26:21,400000,پرداخت موفق
1703,1398-12-12 13:10:18,100000,در انتظار پرداخت
1704,1399-1-19 10:10:56,800000,پرداخت موفق
1705,1399-2-16 21:25:58,400000,در انتظار پرداخت
1706,1399-3-15 15:29:36,700000,منقضی شد
1707,1399-4-12 23:12:35,400000,در انتظار پرداخت
1708,1399-5-11 18:15:49,900000,در انتظار پرداخت
1709,1399-6-16 11:42:51,400000,پرداخت ناموفق
1710,1399-7-19 16:11:17,500000,پرداخت موفق
1711,1399-8-19 17:13:53,800000,پرداخت موفق
1712,1399-9-11 21:36:45,400000,در انتظار پرداخت
1713,1399-10-15 23:19:58,200000,در انتظار پرداخت
1714,1399-11-12 11:41:58,700000,پرداخت موفق
1715,1399-12-19 16:46:45,100000,پرداخت ناموفق
1716,1400-1-17 19:34:39,300000,پرداخت ناموفق
1717,1400-2-10 23:13:12,200000,در انتظار پرداخت
1718,1400-3-14 23:55:45,200000,در انتظار پرداخت
1719,1400-4-10 12:16:32,600000,در انتظار پرداخت
1720,1400-5-15 12:33:16,800000,منقضی شد
1721,1400-6-16 21:39:52,900000,در انتظار پرداخت
1722,1400-7-17 15:38:44,600000,پرداخت ناموفق
1723,1400-8-14 14:50:34,500000,پرداخت موفق
1724,1400-9-15 23:26:44,200000,در انتظار پرداخت
1725,1400-10-11 22:50:13,100000,در انتظار پرداخت
1726,1400-11-12 12:12:48,600000,پرداخت موفق
1727,1400-12-12 21:35:54,100000,در انتظار پرداخت
1728,1401-1-16 12:59:24,500000,پرداخت موفق
1729,1398-12-11 21:31:33,500000,پرداخت موفق
1730,1399-1-16 12:39:31,100000,منقضی شد
1731,1399-2-17 14:39:33,600000,منقضی شد
1732,1399-3-18 12:58:31,400000,پرداخت ناموفق
1733,1399-4-18 12:41:43,400000,پرداخت موفق
1734,1399-5-11 13:46:37,300000,پرداخت ناموفق
1735,1399-6-11 15:52:36,700000,پرداخت موفق
1736,1399-7-12 20:16:27,800000,در انتظار پرداخت
1737,1399-8-12 21:17:13,900000,منقضی شد
1738,1399-9-14 17:50:16,400000,پرداخت ناموفق
1739,1399-10-10 12:48:22,200000,منقضی شد
1740,1399-11-10 11:29:40,900000,پرداخت ناموفق
1741,1399-12-17 18:23:42,900000,پرداخت موفق
1742,1400-1-12 13:44:53,900000,در انتظار پرداخت
1743,1400-2-14 13:49:56,800000,پرداخت موفق
1744,1400-3-19 15:12:56,300000,منقضی شد
1745,1400-4-17 13:15:11,400000,پرداخت ناموفق
1746,1400-5-20 21:26:56,200000,در انتظار پرداخت
1747,1400-6-19 21:24:42,800000,پرداخت موفق
1748,1400-7-18 12:50:38,300000,پرداخت موفق
1749,1400-8-10 19:37:56,300000,پرداخت ناموفق
1750,1400-9-14 22:55:52,400000,در انتظار پرداخت
1751,1400-10-13 19:58:59,500000,پرداخت ناموفق
1752,1400-11-15 16:50:13,300000,در انتظار پرداخت
1753,1400-12-11 21:18:16,400000,پرداخت ناموفق
1754,1401-1-10 15:18:50,600000,منقضی شد
